swid,ref_idvl_id,exprnc_id,tkt_mod_id,new_ats_gst_id,new_sls_txn_id,new_sls_txn_dssn_id,old_sls_txn_id,old_sls_txn_dssn_id,new_ats_prod_id,new_prod_ds,new_price_subtyp_nm,new_tkt_vld_strt_dt,new_tkt_exp_d,old_tkt_vld_strt_dt,old_tkt_exp_dt,new_atsr_tkt_id,old_ats_prod_id,orig_prod_ds,orig_price_subtyp_nm,old_atsr_tkt_id,old_sls_txn_dt,new_sls_txn_dt,sls_txn_typ_cd,net_sls_am,ti2_txn_idvl_id,GST_ID,MINOR_GST_IN,EML_NULL_IN,ADDR_NULL_IN,ST_CD,ADDR_PSTL_CD,CNTRY_ID,RSDNC_CD,SOCAL_IN,FLRES_IN,US_TERR_IN,DMA_CD,DMA_DESC,DMA_DVSN_NM,DMR_RGN_NM,HSHOLD_LIFESTAGE,DVC_MBR_IN,DVC_LEAD_IN,DLR_ACTV_AP_IN,DLR_LPSD_AP_IN,DLR_LPSD_AP_DAYS,WDW_ACTV_AP_IN,WDW_LPSD_AP_IN,WDW_LPSD_AP_DAYS,ABD_INHOUSE_IN,AUL_INHOUSE_IN,BCH_INHOUSE_IN,DCL_INHOUSE_IN,DLR_INHOUSE_IN,WDW_INHOUSE_IN,ABD_PST_STY_IN,ABD_PST_STY_CNT,ABD_MAX_PST_STY_DT,AUL_PST_STY_IN,AUL_PST_STY_CNT,AUL_MAX_PST_STY_DT,BCH_PST_STY_IN,BCH_PST_STY_CNT,BCH_MAX_PST_STY_DT,DCL_PST_STY_IN,DCL_PST_STY_CNT,DCL_MAX_PST_STY_DT,DLR_PST_STY_CNT,DLR_MAX_PST_STY_DT,DLR_PST_STY_IN,DLR_GNH_PST_STY_IN,DLR_GNH_PST_STY_CNT,DLR_GNH_MAX_PST_STY_DT,WDW_PST_STY_IN,WDW_PST_STY_CNT,WDW_MAX_PST_STY_DT,ABD_BKNG_IN,ABD_MAX_BKNG_DT,AUL_BKNG_IN,AUL_MAX_BKNG_DT,BCH_BKNG_IN,BCH_MAX_BKNG_DT,DCL_BKNG_IN,DCL_MAX_BKNG_DT,DLR_BKNG_IN,DLR_MAX_BKNG_DT,WDW_BKNG_IN,WDW_MAX_BKNG_DT,ABD_FUT_STY_IN,ABD_MIN_FUT_ARVL_DT,AUL_FUT_STY_IN,AUL_MIN_FUT_ARVL_DT,BCH_FUT_STY_IN,BCH_MIN_FUT_ARVL_DT,DCL_FUT_STY_IN,DCL_MIN_FUT_ARVL_DT,DLR_FUT_STY_IN,DLR_MIN_FUT_ARVL_DT,DLR_GNH_FUT_STY_IN,DLR_GNH_MIN_FUT_ARVL_DT,WDW_FUT_STY_IN,WDW_MIN_FUT_ARVL_DT,ABD_CNCL_IN,ABD_MAX_CNCL_DT,AUL_CNCL_IN,AUL_MAX_CNCL_DT,BCH_CNCL_IN,BCH_MAX_CNCL_DT,DCL_CNCL_IN,DCL_MAX_CNCL_DT,DLR_CNCL_IN,DLR_MAX_CNCL_DT,WDW_CNCL_IN,WDW_MAX_CNCL_DT,AUL_SHOP_IN,AUL_MAX_SHP_DT,BCH_SHOP_IN,BCH_MAX_SHP_DT,DLR_SHOP_IN,DLR_MAX_SHP_DT,WDW_SHOP_IN,WDW_MAX_SHP_DT,ABD_HR_IN,ABD_MAX_HR_DT,AUL_HR_IN,AUL_MAX_HR_DT,DCL_HR_IN,DCL_MAX_HR_DT,DLR_HR_IN,DLR_MAX_HR_DT,WDW_HR_IN,WDW_MAX_HR_DT,ABD_CLTRL_IN,ABD_MAX_CLTRL_DT,AUL_CLTRL_IN,AUL_MAX_CLTRL_DT,DCL_CLTRL_IN,DCL_MAX_CLTRL_DT,DLR_CLTRL_IN,DLR_MAX_CLTRL_DT,WDW_CLTRL_IN,WDW_MAX_CLTRL_DT,DLR_STKFIG_IN,DLR_MAX_STKFIG_DT,WDW_STKFIG_IN,WDW_MAX_STKFIG_DT,DLR_DINE_IN,DLR_MAX_DINE_DT,WDW_DINE_IN,WDW_MAX_DINE_DT,DLR_PFE_IN,DLR_MAX_PFE_DT,WDW_PFE_IN,WDW_MAX_PFE_DT,REG_IN,MAX_REG_DT,AUL_DPI_PHOTO_IN,AUL_MAX_ACTV_CAPTR_DT,DLR_DPI_PHOTO_IN,DLR_MAX_ACTV_CAPTR_DT,WDW_DPI_PHOTO_IN,WDW_MAX_ACTV_CAPTR_DT,DS_ORD_IN,DS_MAX_ORD_DT,DVA_ENG_IN,DVA_MAX_ENG_DT,EML_POS_RESP_IN,MAX_EML_POS_RESP_DT,MAX_INTRCT_DT,GST_PROMO_DM,ABD_GST_PROMO_DM,AUL_GST_PROMO_DM,DCL_GST_PROMO_DM,DLR_GST_PROMO_DM,DVC_GST_PROMO_DM,WDW_GST_PROMO_DM,GST_PROMO_EM,ABD_GST_PROMO_EM,AUL_GST_PROMO_EM,DCL_GST_PROMO_EM,DLR_GST_PROMO_EM,DVC_GST_PROMO_EM,DVCMBR_GST_PROMO_EM,WDW_GST_PROMO_EM,WDW_GST_PROMO_FBCA,ABD_MAX_PST_NGHT_CNT_2YR,ABD_PST_STY_CNT_2YR,ABD_MAX_PST_NGHT_CNT,AUL_MAX_PST_NGHT_CNT_2YR,AUL_PST_STY_CNT_2YR,AUL_LST_STY_MTH_2YR,AUL_MAX_PST_NGHT_CNT,DCL_LST_STY_CTGY_2YR,DCL_MAX_PST_NGHT_CNT_2YR,DCL_LST_PORT_2YR,DCL_PST_STY_CNT_2YR,DCL_LST_REGN_2YR,DCL_MAX_PST_NGHT_CNT,DCL_PST_STY_HGHST_CTGY,DCL_CSTWY_CLB_STS,DLR_MAX_PST_NGHT_CNT_2YR,DLR_LST_STY_CTGY_2YR,DLR_PST_STY_CNT_2YR,DLR_LST_STY_MTH_2YR,DLR_MAX_PST_NGHT_CNT,DLR_PST_STY_HGHST_CTGY,WDW_MAX_PST_NGHT_CNT_2YR,WDW_LST_STY_CTGY_2YR,WDW_PST_STY_CNT_2YR,WDW_LST_STY_MTH_2YR,WDW_MAX_PST_NGHT_CNT,WDW_PST_STY_HGHST_CTGY,ABD_GTM_VPC,ABD_DAYS_TO_ARVL,ABD_DAYS_TO_ARVL_CTGRY,ABD_FUT_ARVL_MTH,ABD_PST_STY_42_DAY_IN,ABD_LST_STY_DAY_SINCE_CNT,ABD_LST_STY_YRS_SINCE_CTGRY,ABD_RCNT_STY_42_DAY_IN,BCH_GTM_VPC,BCH_DAYS_TO_ARVL,BCH_DAYS_TO_ARVL_CTGRY,BCH_FUT_ARVL_MTH,BCH_PST_STY_42_DAY_IN,BCH_LST_STY_DAY_SINCE_CNT,BCH_LST_STY_YRS_SINCE_CTGRY,BCH_RCNT_STY_42_DAY_IN,WDW_GTM_VPC,WDW_DAYS_TO_ARVL,WDW_DAYS_TO_ARVL_CTGRY,WDW_FUT_ARVL_MTH,WDW_PST_STY_42_DAY_IN,WDW_LST_STY_DAY_SINCE_CNT,WDW_LST_STY_YRS_SINCE_CTGRY,WDW_RCNT_STY_42_DAY_IN,DCL_GTM_VPC,DCL_DAYS_TO_ARVL,DCL_DAYS_TO_ARVL_CTGRY,DCL_FUT_ARVL_MTH,DCL_PST_STY_42_DAY_IN,DCL_LST_STY_DAY_SINCE_CNT,DCL_LST_STY_YRS_SINCE_CTGRY,DCL_RCNT_STY_42_DAY_IN,DLR_GTM_VPC,DLR_DAYS_TO_ARVL,DLR_DAYS_TO_ARVL_CTGRY,DLR_FUT_ARVL_MTH,DLR_PST_STY_42_DAY_IN,DLR_LST_STY_DAY_SINCE_CNT,DLR_LST_STY_YRS_SINCE_CTGRY,DLR_RCNT_STY_42_DAY_IN,AUL_PST_STY_42_DAY_IN,AUL_GTM_VPC,AUL_DAYS_TO_ARVL,AUL_DAYS_TO_ARVL_CTGRY,AUL_FUT_ARVL_MTH,AUL_RCNT_STY_42_DAY_IN,AUL_LST_STY_DAY_SINCE_CNT,AUL_LST_STY_YRS_SINCE_CTGRY,DLR_AP_STATUS,WDW_AP_STATUS,AUL_RCNT_SHOP_IN,AUL_DAYS_SINCE_SHOP,BCH_RCNT_SHOP_IN,BCH_DAYS_SINCE_SHOP,DLR_RCNT_SHOP_IN,DLR_DAYS_SINCE_SHOP,WDW_RCNT_SHOP_IN,WDW_DAYS_SINCE_SHOP,WDW_ACTV_TP_TKT_IN,MVMCP_VALID_IN,MNSSHP_VALID_IN,DLR_ACTV_TP_TKT_IN,CAST_MBR_IN,CAST_MBR_ADDR_IN
{2DFAE8F4-CE86-449D-8B60-86A6C178A1C3},3118624071,CAFEF00D650200000000000146703075,153239520,9.30732E+15,514749454,528110966,511932902,524909280,59228,1 DAY (1 THEME PARK) AGES(10+) EXPIRES,DELTA,6/8/19,6/8/19,5/18/19,5/14/19,666324044,59228,1 DAY (1 THEME PARK) AGES(10+) EXPIRES,DELTA,664493389,4/17/19,5/14/19,G,0,3118624070,3118624071,N,N,N,VA,23462,USA,N,N,N,N,544,NORFOLK-PORTSMTH-NEWPT NWS,South Atlantic,South,YOUNG ADULTS,N,N,N,N,?,N,N,?,N,N,N,N,N,N,N,0,?,N,0,?,N,0,?,N,0,?,0,?,N,N,0,?,N,0,?,N,?,N,?,N,?,N,?,N,?,N,?,N,?,N,?,N,?,N,?,N,?,N,?,N,?,N,?,N,?,N,?,N,?,N,?,N,?,N,?,N,?,N,?,N,?,N,?,N,?,N,?,N,?,N,?,N,?,N,?,N,?,N,?,N,?,N,?,N,?,N,?,N,?,N,?,N,?,Y,5/2/18,N,?,N,?,N,?,N,?,N,?,N,?,5/2/18,N,N,N,N,N,N,N,Y,Y,Y,Y,Y,Y,Y,Y,N,?,0,?,?,0,?,?,?,?,?,0,?,?,?,?,?,?,0,?,?,?,?,?,0,?,?,?,?,?,?,?,N,0,?,N,?,?,?,?,N,0,?,N,?,?,?,?,N,0,?,N,?,?,?,?,N,0,?,N,?,?,?,?,N,0,?,N,N,?,?,?,?,N,0,?,?,?,N,?,N,?,N,?,N,?,N,N,N,N,N,N
{DACD37A8-3188-4F87-A06F-85F17FE351A3},2838749193,CAFEF00D650200000000000008838444,149433217,9.30273E+15,499159193,511999819,439516191,451742196,53349,3 DAY (1 THEME PARK PER DAY) AGES(10+) EXPIRES,DELTA,12/24/18,12/25/18,9/25/17,12/25/18,655294541,53423,3 DAY (1 THEME PARK PER DAY) AGES(10+) EXPIRES,DELTA,618440418,9/25/17,12/25/18,G,0,2838749192,2838749193,N,N,N,NC,28677,USA,N,N,N,N,517,CHARLOTTE,South Atlantic,South,ADULTS,N,N,N,N,?,N,N,?,N,N,N,N,N,N,N,0,?,N,0,?,N,0,?,N,0,?,0,?,N,N,0,?,N,0,?,N,?,N,?,N,?,N,?,N,?,N,?,N,?,N,?,N,?,N,?,N,?,N,?,N,?,N,?,N,?,N,?,N,?,N,?,N,?,N,?,N,?,N,?,N,?,N,?,N,?,N,?,N,?,N,?,N,?,N,?,N,?,N,?,N,?,N,?,N,?,N,?,N,?,N,?,N,?,Y,5/26/17,N,?,N,?,N,?,N,?,N,?,Y,6/22/17,6/22/17,Y,Y,Y,Y,Y,Y,Y,N,N,N,N,N,N,N,N,N,?,0,?,?,0,?,?,?,?,?,0,?,?,?,?,?,?,0,?,?,?,?,?,0,?,?,?,?,?,?,?,N,0,?,N,?,?,?,?,N,0,?,N,?,?,?,?,N,0,?,N,?,?,?,?,N,0,?,N,?,?,?,?,N,0,?,N,N,?,?,?,?,N,0,?,?,?,N,?,N,?,N,?,N,?,N,N,N,N,N,N
{A03971C8-32FD-437C-A08A-277DDE335EAC},2573028917,CAFEF00D650200000000000317166720,150152706,9.30273E+15,502389633,515260853,499443578,512286122,53409,1 DAY (1 THEME PARK) FL AGES(10+) EXPIRES,DELTA,1/22/19,1/22/19,1/23/19,1/20/19,657538456,53409,1 DAY (1 THEME PARK) FL AGES(10+) EXPIRES,DELTA,655399568,12/27/18,1/20/19,G,0,3295389177,2573028917,N,N,N,FL,34236,USA,N,N,Y,N,539,TAMPA-ST. PETE (SARASOTA),South Atlantic,Florida,ADULTS,N,N,N,N,?,N,N,?,N,N,N,N,N,N,N,0,?,N,0,?,N,0,?,N,0,?,0,?,N,N,0,?,Y,1,1/24/19,N,?,N,?,N,?,N,?,N,?,Y,11/29/18,N,?,N,?,N,?,N,?,N,?,N,?,N,?,N,?,N,?,N,?,N,?,N,?,N,?,N,?,N,?,N,?,N,?,N,?,N,?,N,?,N,?,N,?,N,?,N,?,N,?,N,?,N,?,N,?,N,?,N,?,N,?,N,?,N,?,Y,11/29/18,N,?,N,?,Y,1/22/19,N,?,N,?,N,?,1/24/19,N,N,N,N,N,N,N,N,N,N,N,N,N,N,N,N,?,0,?,?,0,?,?,?,?,?,0,?,?,?,?,?,?,0,?,?,?,2,Moderate,1,1,2,Moderate,?,?,?,?,N,0,?,N,?,?,?,?,N,0,?,N,?,?,?,?,Y,151,less_one_year,N,?,?,?,?,N,0,?,N,?,?,?,?,N,0,?,N,N,?,?,?,?,N,0,?,?,?,N,?,N,?,N,?,N,?,N,N,N,N,N,N
{9E26AFC1-0BE9-4E21-BD5B-E0E574CF1EEF},1702836571,CAFEF00D650200000000000175920666,148241247,7.60143E+15,493278069,506049050,492858296,505623636,53367,4 DAY (1 THEME PARK PER DAY) AGES(10+) EXPIRES,DELTA,2/3/19,2/9/19,2/17/19,11/2/18,651392586,53367,4 DAY (1 THEME PARK PER DAY) AGES(10+) EXPIRES,DELTA,651038999,10/29/18,11/2/18,G,0,3050618225,1702836571,N,N,N,MS,39553,USA,N,N,N,N,746,BILOXI-GULFPORT,East South Central,South,ADULTS,N,N,N,N,?,N,N,?,N,N,N,N,N,N,N,0,?,N,0,?,N,0,?,N,0,?,0,?,N,N,0,?,Y,2,2/4/18,N,?,N,?,N,?,N,?,N,?,Y,10/15/17,N,?,N,?,N,?,N,?,N,?,N,?,N,?,N,?,N,?,N,?,N,?,N,?,Y,10/15/17,N,?,N,?,N,?,N,?,N,?,N,?,N,?,N,?,N,?,N,?,N,?,N,?,N,?,N,?,N,?,N,?,N,?,N,?,N,?,N,?,Y,1/31/18,N,?,N,?,Y,2/3/18,N,?,N,?,Y,1/28/19,1/28/19,N,N,N,N,N,N,N,N,N,N,N,N,N,N,N,N,?,0,?,?,0,?,?,?,?,?,0,?,?,?,?,?,?,0,?,?,?,4,Moderate,1,2,4,Moderate,?,?,?,?,N,0,?,N,?,?,?,?,N,0,?,N,?,?,?,?,Y,505,1_year,N,?,?,?,?,N,0,?,N,?,?,?,?,N,0,?,N,N,?,?,?,?,N,0,?,?,?,N,?,N,?,N,?,N,?,N,N,N,N,N,N
{B3DEE57F-F4C1-4DE0-A729-E54720E643C6},1384756006,CAFEF00D650200000000000045039759,150736426,7.6004E+15,504895827,517795215,504790821,517688902,53337,1 DAY (1 THEME PARK) AGES(10+) EXPIRES,DELTA,3/8/19,2/14/19,3/4/19,2/14/19,659390005,53337,1 DAY (1 THEME PARK) AGES(10+) EXPIRES,DELTA,659322598,2/13/19,2/14/19,G,0,1384756005,1384756006,N,N,N,LA,70301,USA,N,N,N,N,622,NEW ORLEANS,West South Central,South,SENIORS,N,Y,N,N,?,N,N,?,N,N,N,N,N,N,N,0,?,N,0,?,N,0,?,N,0,?,0,?,N,N,0,?,Y,10,9/19/18,N,?,N,?,N,?,N,?,N,?,Y,9/13/18,N,?,N,?,N,?,N,?,N,?,N,?,N,?,N,?,N,?,N,?,N,?,N,?,N,?,N,?,N,?,N,?,Y,2/25/19,Y,1/21/11,N,?,N,?,Y,1/21/11,N,?,N,?,N,?,N,?,Y,1/21/11,Y,1/21/11,N,?,Y,11/22/17,N,?,Y,3/9/17,N,?,Y,12/4/15,Y,1/21/11,N,?,N,?,Y,9/19/18,N,?,N,?,Y,10/17/18,2/25/19,Y,Y,Y,Y,Y,Y,Y,Y,N,N,N,Y,N,N,Y,N,?,0,?,?,0,?,?,?,?,?,0,?,?,?,?,?,?,0,?,?,?,2,Moderate,1,9,7,Deluxe,?,?,?,?,N,0,?,N,?,?,?,?,N,0,?,N,?,?,?,?,Y,278,less_one_year,N,?,?,?,?,N,0,?,N,?,?,?,?,N,0,?,N,N,?,?,?,?,N,0,?,?,?,N,?,N,?,N,?,N,?,N,N,N,N,N,N
{94FA53F5-EF57-4879-BA53-F5EF5748792A},2586040487,CAFEF00D650200000000000016229141,150860093,8.60111E+15,505469869,518375168,499053030,511892102,53337,1 DAY (1 THEME PARK) AGES(10+) EXPIRES,DELTA,2/19/19,2/19/19,2/18/19,2/19/19,659801564,53337,1 DAY (1 THEME PARK) AGES(10+) EXPIRES,DELTA,655178798,12/24/18,2/19/19,G,0,2586040486,2586040487,N,N,N,CA,95121,USA,N,N,N,N,807,SAN FRANCISCO-OAK-SAN JOSE,Pacific,West,ADULTS,N,N,N,Y,327,N,N,?,N,N,N,N,N,N,N,0,?,N,0,?,N,0,?,N,0,?,0,?,N,N,0,?,Y,1,2/20/19,N,?,N,?,N,?,N,?,N,?,Y,1/16/19,N,?,N,?,N,?,N,?,N,?,N,?,N,?,N,?,N,?,N,?,N,?,N,?,N,?,N,?,N,?,N,?,N,?,N,?,N,?,N,?,N,?,N,?,N,?,N,?,N,?,N,?,N,?,N,?,N,?,N,?,N,?,N,?,N,?,Y,11/28/13,N,?,Y,6/10/18,Y,2/19/19,N,?,N,?,Y,6/28/18,2/20/19,N,N,N,N,N,N,N,Y,Y,Y,Y,Y,Y,Y,Y,N,?,0,?,?,0,?,?,?,?,?,0,?,?,?,?,?,?,0,?,?,?,2,Value,1,2,2,Value,?,?,?,?,N,0,?,N,?,?,?,?,N,0,?,N,?,?,?,?,Y,124,less_one_year,N,?,?,?,?,N,0,?,N,?,?,?,?,N,0,?,N,N,?,?,?,?,N,0,?,Lapsed,?,N,?,N,?,N,?,N,?,N,N,N,N,N,N
{0E7062E9-F7FC-4EFE-8013-4AD4993041C6},341297638,CAFEF00D650200000000000148733338,153903446,7.60371E+15,517878158,531330196,517205471,530649555,53379,6 DAY (1 THEME PARK PER DAY) AGES(10+) EXPIRES,DELTA,6/8/19,6/13/19,6/7/19,6/13/19,668165163,53983,6 DAY (1 THEME PARK PER DAY) AGES(10+) EXPIRES,DELTA,667704473,6/6/19,6/13/19,G,0,1498571137,341297638,N,N,N,TX,75081,USA,N,N,N,N,623,DALLAS-FT. WORTH,West South Central,South,ADULTS,N,N,N,N,?,N,N,?,N,N,N,N,N,N,N,0,?,N,0,?,N,0,?,N,0,?,0,?,N,N,0,?,Y,2,6/17/19,N,?,N,?,N,?,N,?,N,?,Y,4/28/19,N,?,N,?,N,?,N,?,N,?,N,?,N,?,N,?,N,?,N,?,N,?,N,?,N,?,N,?,N,?,N,?,N,?,N,?,N,?,N,?,N,?,N,?,N,?,N,?,N,?,N,?,N,?,N,?,N,?,N,?,N,?,N,?,N,?,Y,9/8/10,N,?,N,?,N,?,N,?,N,?,Y,11/19/18,6/17/19,N,N,N,N,N,N,N,N,N,N,N,N,N,N,N,N,?,0,?,?,0,?,?,?,?,?,0,?,?,?,?,?,?,0,?,?,?,6,Moderate,2,6,6,Moderate,?,?,?,?,N,0,?,N,?,?,?,?,N,0,?,N,Advocate,?,?,?,N,7,less_one_year,Y,?,?,?,?,N,0,?,N,?,?,?,?,N,0,?,N,N,?,?,?,?,N,0,?,?,?,N,?,N,?,N,?,N,?,N,N,N,N,N,N
{8EF9F9B5-33A9-44D5-B61B-D78CD4EC05CF},3432609447,CAFEF00D650200000000000216261635,149232621,9.30251E+15,498265702,511094973,497848799,510672748,53337,1 DAY (1 THEME PARK) AGES(10+) EXPIRES,DELTA,12/19/18,12/19/18,12/20/18,12/17/18,654653876,53337,1 DAY (1 THEME PARK) AGES(10+) EXPIRES,DELTA,654421900,12/13/18,12/17/18,G,0,2554794404,3432609447,N,N,N,AL,36107,USA,N,N,N,N,698,MONTGOMERY-SELMA,East South Central,South,ADULTS,N,N,N,N,?,N,N,?,N,N,N,N,N,N,N,0,?,N,0,?,N,0,?,N,0,?,0,?,N,N,0,?,N,0,?,N,?,N,?,N,?,N,?,N,?,N,?,N,?,N,?,N,?,N,?,N,?,N,?,N,?,N,?,N,?,N,?,N,?,N,?,N,?,N,?,N,?,N,?,N,?,N,?,N,?,N,?,N,?,N,?,N,?,N,?,N,?,N,?,N,?,N,?,N,?,N,?,N,?,N,?,N,?,Y,6/2/16,N,?,N,?,N,?,N,?,N,?,N,?,6/2/16,Y,Y,Y,Y,Y,Y,Y,Y,Y,Y,Y,Y,Y,Y,Y,N,?,0,?,?,0,?,?,?,?,?,0,?,?,?,?,?,?,0,?,?,?,?,?,0,?,?,?,?,?,?,?,N,0,?,N,?,?,?,?,N,0,?,N,?,?,?,?,N,0,?,N,?,?,?,?,N,0,?,N,?,?,?,?,N,0,?,N,N,?,?,?,?,N,0,?,?,?,N,?,N,?,N,?,N,?,N,N,N,N,N,N
{C9E47839-55EC-4173-85B7-DF6F1529C8AD},1276760509,CAFEF00D650200000000000172607995,152653383,9.30682E+15,512283651,525263456,512051641,525029100,59244,3 DAY (1 THEME PARK PER DAY) AGES(3-9) EXPIRES,DELTA,6/19/19,4/20/19,6/26/19,4/20/19,664696688,59244,3 DAY (1 THEME PARK PER DAY) AGES(3-9) EXPIRES,DELTA,664562507,4/18/19,4/20/19,G,4.79,2980493157,1276760509,N,N,N,MA,2347,USA,N,N,N,N,506,BOSTON (MANCHESTER),New England,Northeast,TWEEN,N,Y,N,N,?,N,N,?,N,N,N,N,N,Y,N,0,?,N,0,?,N,0,?,N,0,?,0,?,N,N,0,?,Y,1,1/12/18,N,?,N,?,N,?,N,?,N,?,Y,3/11/19,N,?,N,?,N,?,N,?,N,?,N,?,N,?,N,?,N,?,N,?,N,?,N,?,N,?,N,?,N,?,N,?,N,?,N,?,Y,2/5/14,N,?,N,?,N,?,N,?,N,?,N,?,Y,2/5/14,Y,2/5/14,N,?,N,?,N,?,N,?,N,?,N,?,Y,10/30/17,N,?,N,?,Y,1/12/18,N,?,N,?,Y,2/1/19,3/11/19,N,N,N,N,N,N,N,N,N,N,N,N,N,N,N,N,?,0,?,?,0,?,?,?,?,?,0,?,?,?,?,?,?,0,?,?,?,4,Value,1,1,4,Value,?,?,?,?,N,0,?,N,?,?,?,?,N,0,?,N,Delight,?,?,?,Y,528,1_year,N,?,?,?,?,N,0,?,N,?,?,?,?,N,0,?,N,N,?,?,?,?,N,0,?,?,?,N,?,N,?,N,?,N,?,Y,N,N,N,N,N
{65E39E3D-FCC2-4283-8680-95ECE6D1488D},3135430245,CAFEF00D650200000000000164849104,150946718,9.30272E+15,505816722,518726427,501190218,514048697,53337,1 DAY (1 THEME PARK) AGES(10+) EXPIRES,DELTA,5/4/19,2/22/19,2/23/19,2/22/19,659975406,53337,1 DAY (1 THEME PARK) AGES(10+) EXPIRES,DELTA,656840882,1/9/19,2/22/19,G,0,3135430244,3135430245,N,N,N,VA,22031,USA,N,N,N,N,511,"WASHINGTON, DC (HAGRSTWN)",South Atlantic,South,YOUNG ADULTS,N,N,N,N,?,N,N,?,N,N,N,N,N,N,N,0,?,N,0,?,N,0,?,N,0,?,0,?,N,N,0,?,N,0,?,N,?,N,?,N,?,N,?,N,?,N,?,N,?,N,?,N,?,N,?,N,?,N,?,N,?,N,?,N,?,N,?,N,?,N,?,N,?,N,?,N,?,N,?,N,?,N,?,N,?,N,?,N,?,N,?,N,?,N,?,N,?,N,?,N,?,N,?,N,?,N,?,N,?,N,?,N,?,Y,5/25/18,N,?,N,?,N,?,N,?,N,?,Y,5/26/18,5/26/18,N,N,N,N,N,N,N,N,N,N,N,N,N,N,N,N,?,0,?,?,0,?,?,?,?,?,0,?,?,?,?,?,?,0,?,?,?,?,?,0,?,?,?,?,?,?,?,N,0,?,N,?,?,?,?,N,0,?,N,?,?,?,?,N,0,?,N,?,?,?,?,N,0,?,N,?,?,?,?,N,0,?,N,N,?,?,?,?,N,0,?,?,?,N,?,N,?,N,?,N,?,Y,N,N,N,N,N
{91EDD397-C181-4446-B7F8-19D99FEA1AFB},3367833773,CAFEF00D650200000000000365650963,151229080,9.30872E+15,506989702,519911568,506544103,519461632,53345,2 DAY PARK HOPPER AGES(10+) EXPIRES,DELTA,3/13/19,3/16/19,3/14/19,3/5/19,660780939,53345,2 DAY PARK HOPPER AGES(10+) EXPIRES,DELTA,660458235,3/1/19,3/5/19,G,0,3367833772,3367833773,N,N,N,PA,19335,USA,N,N,N,N,504,PHILADELPHIA,Mid-Atlantic,Northeast,ADULTS,N,N,N,N,?,N,N,?,N,N,N,N,N,N,N,0,?,N,0,?,N,0,?,N,0,?,0,?,N,N,0,?,N,0,?,N,?,N,?,N,?,N,?,N,?,N,?,N,?,N,?,N,?,N,?,N,?,N,?,N,?,N,?,N,?,N,?,N,?,N,?,N,?,N,?,N,?,N,?,N,?,N,?,N,?,N,?,N,?,N,?,N,?,N,?,N,?,N,?,N,?,N,?,N,?,N,?,N,?,N,?,N,?,Y,3/18/10,N,?,N,?,N,?,N,?,N,?,N,?,3/18/10,N,N,N,N,N,N,N,Y,Y,Y,Y,Y,Y,Y,Y,N,?,0,?,?,0,?,?,?,?,?,0,?,?,?,?,?,?,0,?,?,?,?,?,0,?,?,?,?,?,?,?,N,0,?,N,?,?,?,?,N,0,?,N,?,?,?,?,N,0,?,N,?,?,?,?,N,0,?,N,?,?,?,?,N,0,?,N,N,?,?,?,?,N,0,?,?,?,N,?,N,?,N,?,N,?,N,N,N,N,N,N
{D1D45273-CC6B-4005-9452-73CC6B3005EC},105864312,CAFEF00D650200000000000208027670,150632630,9.30061E+15,504478458,517373066,497421095,510240052,53387,7 DAY PARK HOPPER AGES(10+) EXPIRES,DELTA,12/2/19,6/10/19,2/10/19,2/10/19,659027099,53387,7 DAY PARK HOPPER AGES(10+) EXPIRES,DELTA,654110530,12/9/18,2/10/19,G,1.96,1615584337,105864312,N,N,N,MO,63110,USA,N,N,N,N,609,ST. LOUIS,West North Central,Midwest,SENIORS,N,N,N,N,?,N,N,?,N,N,N,N,N,N,N,0,?,N,0,?,N,0,?,N,0,?,0,?,N,N,0,?,Y,5,2/15/19,N,?,N,?,N,?,N,?,N,?,Y,2/10/19,N,?,N,?,N,?,N,?,N,?,N,?,Y,12/2/19,N,?,N,?,N,?,N,?,N,?,N,?,N,?,N,?,N,?,Y,2/10/19,N,?,N,?,N,?,N,?,N,?,N,?,N,?,N,?,Y,7/1/09,Y,7/1/09,N,?,N,?,N,?,N,?,N,?,N,?,Y,3/10/12,N,?,N,?,Y,2/16/18,N,?,N,?,Y,10/22/18,2/15/19,N,N,N,N,N,N,N,N,N,N,N,N,N,N,N,N,?,0,?,?,0,?,?,?,?,?,0,?,?,?,?,?,?,0,?,?,?,7,Deluxe,2,2,8,Deluxe,?,?,?,?,N,0,?,N,?,?,?,?,N,0,?,N,Maximize,161,3_TO_6_MONTHS,12,Y,129,less_one_year,N,?,?,?,?,N,0,?,N,?,?,?,?,N,0,?,N,N,?,?,?,?,N,0,?,?,?,N,?,N,?,N,?,N,?,Y,N,N,N,N,N
{E75AAB2A-3AAA-40F5-9AAB-2A3AAA60F590},336938846,CAFEF00D650200000000000230846814,152604116,7.60262E+15,512150293,525128986,508731506,521672183,59235,2 DAY (1 THEME PARK PER DAY) AGES(10+) EXPIRES,DELTA,4/20/19,4/23/19,4/23/19,4/19/19,664678009,59236,2 DAY (1 THEME PARK PER DAY) AGES(3-9) EXPIRES,DELTA,661988322,3/20/19,4/19/19,G,10.38,1904763644,336938846,N,N,N,NJ,8872,USA,N,N,N,N,501,NEW YORK,Mid-Atlantic,Northeast,ADULTS,N,Y,N,N,?,N,N,?,N,N,N,N,N,N,N,0,?,N,0,?,N,0,?,N,0,?,0,?,N,N,0,?,Y,2,11/12/16,N,?,N,?,N,?,N,?,N,?,Y,12/10/15,N,?,N,?,N,?,N,?,N,?,N,?,N,?,N,?,N,?,N,?,N,?,N,?,N,?,N,?,N,?,N,?,N,?,N,?,N,?,N,?,N,?,N,?,N,?,N,?,N,?,Y,2/24/13,Y,2/24/13,N,?,N,?,N,?,Y,11/10/16,N,?,N,?,Y,4/23/13,N,?,N,?,Y,4/13/17,N,?,N,?,Y,5/15/17,5/15/17,Y,Y,Y,Y,Y,Y,Y,Y,Y,Y,Y,Y,Y,Y,Y,N,?,0,?,?,0,?,?,?,?,?,0,?,?,?,?,?,?,0,?,?,?,?,?,0,?,5,Deluxe Villa,?,?,?,?,N,0,?,N,?,?,?,?,N,0,?,N,?,?,?,?,Y,954,2_years,N,?,?,?,?,N,0,?,N,?,?,?,?,N,0,?,N,N,?,?,?,?,N,0,?,?,?,N,?,N,?,N,?,N,?,Y,N,N,N,N,N
{328B8F21-F9D6-4338-8B8F-21F9D6D33881},934509351,CAFEF00D650200000000000324851148,149106478,9.30262E+15,497709680,510532378,495012356,507803977,53465,4 DAY PARK HOPPER FL AGES(10+) EXPIRES,DELTA,12/12/18,12/18/18,12/10/18,12/16/18,654380915,53507,4 DAY PARK HOPPER FL EXCH AGES(10+) EXPIRES,DELTA,652576286,11/17/18,12/12/18,G,4.89,1796255470,934509351,N,N,N,FL,32073,USA,N,N,Y,N,561,JACKSONVILLE,South Atlantic,Florida,ADULTS,N,N,N,N,?,N,N,?,N,N,N,N,N,N,N,0,?,N,0,?,N,0,?,Y,1,6/9/13,0,?,N,N,0,?,N,0,?,N,?,N,?,N,?,Y,2/24/13,N,?,N,?,N,?,N,?,N,?,N,?,N,?,N,?,N,?,N,?,N,?,N,?,N,?,N,?,N,?,N,?,N,?,N,?,N,?,Y,9/12/12,Y,9/12/12,N,?,Y,9/12/12,Y,9/12/12,N,?,N,?,Y,9/12/12,Y,10/13/08,Y,10/13/08,N,?,N,?,N,?,N,?,N,?,N,?,Y,2/24/13,N,?,N,?,N,?,N,?,N,?,N,?,6/9/13,N,N,N,N,N,N,N,N,N,N,N,N,N,N,N,N,?,0,?,?,0,?,?,?,?,?,0,?,3,Deluxe Oceanview Stateroom with Verandah,SILVER,?,?,0,?,?,?,?,?,0,?,?,?,?,?,?,?,N,0,?,N,?,?,?,?,N,0,?,N,?,?,?,?,N,0,?,N,?,?,?,?,Y,2206,4+_years,N,?,?,?,?,N,0,?,N,N,?,?,?,?,N,0,?,?,?,N,?,N,?,N,?,N,?,N,N,N,N,N,N
{BBCA8DCA-5717-452F-8569-1C2FB2241DDD},3316713010,CAFEF00D650200000000000351907263,150637590,9.30793E+15,504488774,517383382,502908676,515785969,53409,1 DAY (1 THEME PARK) FL AGES(10+) EXPIRES,DELTA,3/2/19,3/2/19,2/23/19,2/10/19,658994944,53409,1 DAY (1 THEME PARK) FL AGES(10+) EXPIRES,DELTA,657927736,1/25/19,2/10/19,G,0,3316713009,3316713010,N,N,N,FL,33935,USA,N,N,Y,N,571,FT. MYERS-NAPLES,South Atlantic,Florida,YOUNG ADULTS,N,N,N,N,?,N,N,?,N,N,N,N,N,N,N,0,?,N,0,?,N,0,?,N,0,?,0,?,N,N,0,?,N,0,?,N,?,N,?,N,?,N,?,N,?,N,?,N,?,N,?,N,?,N,?,N,?,N,?,N,?,N,?,N,?,N,?,N,?,N,?,N,?,N,?,N,?,N,?,N,?,N,?,N,?,N,?,N,?,N,?,N,?,N,?,N,?,N,?,N,?,N,?,N,?,N,?,N,?,N,?,N,?,Y,12/26/18,N,?,N,?,N,?,N,?,N,?,N,?,12/26/18,N,N,N,N,N,N,N,Y,Y,Y,Y,Y,Y,Y,Y,N,?,0,?,?,0,?,?,?,?,?,0,?,?,?,?,?,?,0,?,?,?,?,?,0,?,?,?,?,?,?,?,N,0,?,N,?,?,?,?,N,0,?,N,?,?,?,?,N,0,?,N,?,?,?,?,N,0,?,N,?,?,?,?,N,0,?,N,N,?,?,?,?,N,0,?,?,?,N,?,N,?,N,?,N,?,N,N,N,N,N,N
{C9F879E0-86DB-4546-9B7E-BE9D963927F6},2506140679,CAFEF00D650200000000000376753065,153814292,9.30811E+15,517496357,530944035,510832082,523795923,59239,2 DAY PARK HOPPER PLUS AGES(10+) EXPIRES,DELTA,6/9/19,6/13/19,6/8/19,6/9/19,667888824,59242,3 DAY (1 THEME PARK PER DAY) AGES(10+) EXPIRES,DELTA,663657207,4/7/19,6/9/19,G,0,3287046081,2506140679,N,N,N,TX,78665,USA,N,N,N,N,635,AUSTIN,West South Central,South,PREK,N,Y,N,N,?,N,N,?,N,N,N,N,N,N,N,0,?,N,0,?,N,0,?,N,0,?,0,?,N,N,0,?,Y,2,6/13/19,N,?,N,?,N,?,N,?,N,?,Y,3/3/19,N,?,N,?,N,?,N,?,N,?,N,?,N,?,N,?,N,?,N,?,N,?,N,?,Y,4/14/16,N,?,N,?,N,?,Y,6/9/18,N,?,N,?,N,?,N,?,N,?,N,?,N,?,N,?,N,?,N,?,N,?,N,?,N,?,Y,6/8/19,N,?,N,?,Y,6/16/18,N,?,N,?,N,?,N,?,N,?,Y,2/6/19,6/13/19,N,N,N,N,N,N,N,N,N,N,N,N,N,N,N,N,?,0,?,?,0,?,?,?,?,?,0,?,?,?,?,?,?,0,?,?,?,6,Campground,1,6,6,Campground,?,?,?,?,N,0,?,N,?,?,?,?,N,0,?,N,Advocate,?,?,?,N,11,less_one_year,Y,?,?,?,?,N,0,?,N,?,?,?,?,N,0,?,N,N,?,?,?,?,N,0,?,?,?,N,?,N,?,N,?,N,?,N,N,N,N,N,N
{3234BBD8-D380-461B-8C09-6B5ACAD758AF},3450468577,CAFEF00D650200000000000386835668,153745775,9.3082E+15,517136663,530579407,517126937,530569681,59228,1 DAY (1 THEME PARK) AGES(10+) EXPIRES,DELTA,6/7/19,6/5/19,7/6/19,6/5/19,667641571,59228,1 DAY (1 THEME PARK) AGES(10+) EXPIRES,DELTA,667628186,6/5/19,6/5/19,G,0,3450468576,3450468577,N,N,N,GA,30168,USA,N,N,N,N,524,ATLANTA,South Atlantic,South,ADULTS,N,N,N,N,?,N,N,?,N,N,N,N,N,N,N,0,?,N,0,?,N,0,?,N,0,?,0,?,N,N,0,?,N,0,?,N,?,N,?,N,?,N,?,N,?,N,?,N,?,N,?,N,?,N,?,N,?,N,?,N,?,N,?,N,?,N,?,N,?,N,?,N,?,N,?,N,?,N,?,N,?,N,?,N,?,N,?,N,?,N,?,N,?,N,?,N,?,N,?,N,?,N,?,N,?,N,?,N,?,N,?,N,?,Y,4/12/19,N,?,N,?,N,?,N,?,N,?,N,?,4/12/19,N,N,N,N,N,N,N,N,N,N,N,N,N,N,N,N,?,0,?,?,0,?,?,?,?,?,0,?,?,?,?,?,?,0,?,?,?,?,?,0,?,?,?,?,?,?,?,N,0,?,N,?,?,?,?,N,0,?,N,?,?,?,?,N,0,?,N,?,?,?,?,N,0,?,N,?,?,?,?,N,0,?,N,N,?,?,?,?,N,0,?,?,?,N,?,N,?,N,?,N,?,Y,N,N,N,N,N
{66B34EDC-065A-4097-9779-27D65755FA7C},364188339,CAFEF00D650200000000000314988471,148629323,9.30332E+15,495352368,508147521,494884945,507675230,57006,4 DAY PARK HOPPER FL AGES(10+) EXPIRES,DELTA,11/21/18,11/27/18,11/20/18,11/20/18,652843443,57030,4 DAY PARK HOPPER FL EXCHANGE AGES(10+) EXPIRES,DELTA,652472514,11/16/18,11/20/18,G,0,3287709356,364188339,N,N,N,FL,33138,USA,N,N,Y,N,528,MIAMI-FT. LAUDERDALE,South Atlantic,Florida,SENIORS,N,N,N,N,?,N,Y,2389,N,N,N,N,N,N,N,0,?,N,0,?,N,0,?,Y,1,2/14/13,0,?,N,N,0,?,Y,1,10/24/12,N,?,N,?,N,?,Y,12/17/12,N,?,Y,8/24/12,N,?,N,?,N,?,N,?,N,?,N,?,N,?,N,?,N,?,N,?,N,?,N,?,N,?,N,?,N,?,N,?,N,?,Y,12/23/11,Y,12/23/11,N,?,Y,12/23/11,Y,12/23/11,N,?,N,?,Y,12/23/11,Y,11/18/11,Y,11/18/11,N,?,N,?,N,?,Y,10/23/12,N,?,Y,2/4/12,Y,11/16/18,N,?,N,?,N,?,N,?,N,?,N,?,11/16/18,Y,Y,Y,Y,Y,Y,Y,Y,Y,Y,Y,Y,Y,N,Y,Y,?,0,?,?,0,?,?,?,?,?,0,?,4,Deluxe Family Oceanview Stateroom with Verandah,SILVER,?,?,0,?,?,?,?,?,0,?,3,Value,?,?,?,?,N,0,?,N,?,?,?,?,N,0,?,N,?,?,?,?,Y,2434,4+_years,N,?,?,?,?,Y,2321,4+_years,N,?,?,?,?,N,0,?,N,N,?,?,?,?,N,0,?,?,Lapsed,N,?,N,?,N,?,N,?,N,N,N,N,N,N
{171B10C5-E02B-492B-AD83-271B3D73168A},1900792912,CAFEF00D650200000000000369121176,151229889,9.31001E+15,506990918,519912784,506993092,519914958,53520,1 DAY PARK HPR FL EXCH AGES(10+) EXPIRES,DELTA,5/13/19,5/12/19,5/9/19,3/5/19,660782637,53520,1 DAY PARK HPR FL EXCH AGES(10+) EXPIRES,DELTA,660785484,3/5/19,3/5/19,G,0,3380944519,1900792912,N,N,N,FL,32259,USA,N,N,Y,N,561,JACKSONVILLE,South Atlantic,Florida,TEEN,N,N,N,N,?,N,N,?,N,N,N,N,N,N,N,0,?,N,0,?,N,0,?,N,0,?,0,?,N,N,0,?,Y,2,5/14/19,N,?,N,?,N,?,N,?,N,?,Y,1/23/19,N,?,N,?,N,?,N,?,N,?,N,?,N,?,N,?,N,?,N,?,N,?,N,?,N,?,N,?,N,?,N,?,N,?,N,?,N,?,N,?,N,?,N,?,N,?,N,?,N,?,N,?,N,?,N,?,N,?,N,?,N,?,N,?,N,?,Y,3/5/19,N,?,N,?,N,?,N,?,N,?,Y,1/14/19,5/14/19,N,N,N,N,N,N,N,Y,Y,Y,Y,Y,Y,Y,Y,N,?,0,?,?,0,?,?,?,?,?,0,?,?,?,?,?,?,0,?,?,?,5,Campground,2,5,5,Moderate,?,?,?,?,N,0,?,N,?,?,?,?,N,0,?,N,Advocate,?,?,?,N,41,less_one_year,Y,?,?,?,?,N,0,?,N,?,?,?,?,N,0,?,N,N,?,?,?,?,N,0,?,?,?,N,?,N,?,N,?,N,?,N,N,N,N,N,N
{A0E7411D-D432-4E6A-A741-1DD432BE6A93},2152096775,CAFEF00D650200000000000047205876,149572016,7.60452E+15,499746545,512592260,499295281,512608596,53369,4 DAY PARK HOPPER AGES(10+) EXPIRES,DELTA,2/27/19,3/1/19,2/28/19,12/29/18,655581523,53369,4 DAY PARK HOPPER AGES(10+) EXPIRES,DELTA,655567887,12/29/18,12/29/18,G,0,1774388491,2152096775,N,N,N,TN,37421,USA,N,N,N,N,575,CHATTANOOGA,East South Central,South,TEEN,N,N,N,N,?,Y,N,?,N,N,N,N,N,N,N,0,?,N,0,?,N,0,?,Y,1,10/10/14,0,?,N,N,0,?,Y,8,5/28/19,N,?,N,?,N,?,Y,12/12/13,N,?,Y,5/30/19,N,?,N,?,N,?,N,?,N,?,N,?,Y,10/25/19,N,?,N,?,N,?,N,?,N,?,Y,7/16/18,N,?,N,?,N,?,Y,5/30/19,N,?,N,?,N,?,Y,12/7/12,N,?,N,?,N,?,N,?,Y,9/11/18,Y,9/11/18,N,?,N,?,N,?,Y,5/23/13,N,?,Y,10/7/15,Y,12/7/12,N,?,N,?,N,?,N,?,N,?,Y,11/26/18,5/30/19,Y,Y,Y,Y,Y,Y,Y,Y,Y,Y,Y,Y,Y,Y,Y,N,?,0,?,?,0,?,?,?,?,?,0,?,4,Standard Inside Stateroom,SILVER,?,?,0,?,?,?,7,Value,5,11,7,Moderate,?,?,?,?,N,0,?,N,?,?,?,?,N,0,?,N,Advocate,123,3_TO_6_MONTHS,10,N,27,less_one_year,Y,?,?,?,?,Y,1718,4+_years,N,?,?,?,?,N,0,?,N,N,?,?,?,?,N,0,?,?,Active,N,?,N,?,N,?,Y,25,N,N,N,N,N,N
{422AE877-475B-401A-A734-930DCD6D72D7},124303903,CAFEF00D650200000000000311975063,149230573,9.3076E+15,498262796,511092067,496990956,509804287,53409,1 DAY (1 THEME PARK) FL AGES(10+) EXPIRES,DELTA,2/2/19,2/2/19,2/7/19,12/17/18,654705515,53409,1 DAY (1 THEME PARK) FL AGES(10+) EXPIRES,DELTA,653808521,12/5/18,12/17/18,G,5.32,3271124162,124303903,N,N,N,FL,34275,USA,N,N,Y,N,539,TAMPA-ST. PETE (SARASOTA),South Atlantic,Florida,SENIORS,N,N,N,N,?,N,N,?,N,N,N,N,N,N,N,0,?,N,0,?,N,0,?,N,0,?,0,?,N,N,0,?,Y,1,2/7/19,N,?,N,?,N,?,N,?,N,?,Y,12/1/18,N,?,N,?,N,?,N,?,N,?,N,?,N,?,N,?,N,?,N,?,N,?,N,?,Y,8/12/17,N,?,N,?,N,?,Y,12/1/18,N,?,N,?,N,?,N,?,N,?,N,?,N,?,N,?,N,?,N,?,N,?,N,?,N,?,N,?,N,?,N,?,Y,6/17/18,N,?,N,?,N,?,N,?,N,?,Y,2/10/19,2/10/19,Y,Y,Y,Y,Y,Y,Y,Y,Y,Y,Y,Y,Y,Y,Y,N,?,0,?,?,0,?,?,?,?,?,0,?,?,?,?,?,?,0,?,?,?,5,Deluxe Villa,1,2,5,Deluxe Villa,?,?,?,?,N,0,?,N,?,?,?,?,N,0,?,N,?,?,?,?,Y,137,less_one_year,N,?,?,?,?,N,0,?,N,?,?,?,?,N,0,?,N,N,?,?,?,?,N,0,?,?,?,N,?,N,?,N,?,N,?,N,N,N,N,N,N
{4E3386E6-210D-42AE-B8BF-78BC8CF28C65},3319464255,CAFEF00D650200000000000008965502,150634144,7.60461E+15,504481626,517376234,500163405,513012591,53369,4 DAY PARK HOPPER AGES(10+) EXPIRES,DELTA,5/30/19,2/22/19,3/2/19,2/10/19,658981609,54051,4 DAY PARK HOPPER AGES(10+) EXPIRES,DELTA,655848468,1/1/19,2/10/19,G,12.26,379509099,3319464255,N,N,N,LA,70763,USA,N,N,N,N,622,NEW ORLEANS,West South Central,South,Unknown,N,N,N,N,?,N,N,?,N,N,N,N,N,N,N,0,?,N,0,?,N,0,?,N,0,?,0,?,N,N,0,?,Y,1,2/10/16,N,?,N,?,N,?,N,?,N,?,Y,12/29/15,N,?,N,?,N,?,N,?,N,?,N,?,N,?,N,?,N,?,N,?,N,?,N,?,N,?,N,?,N,?,N,?,N,?,N,?,N,?,N,?,N,?,N,?,N,?,N,?,N,?,N,?,N,?,N,?,N,?,N,?,Y,2/9/16,N,?,N,?,Y,4/27/05,N,?,N,?,Y,2/9/16,N,?,N,?,N,?,2/10/16,N,N,N,N,N,N,N,Y,Y,Y,Y,Y,Y,Y,Y,N,?,0,?,?,0,?,?,?,?,?,0,?,?,?,?,?,?,0,?,?,?,?,?,0,?,4,Value,?,?,?,?,N,0,?,N,?,?,?,?,N,0,?,N,?,?,?,?,Y,1230,3_years,N,?,?,?,?,N,0,?,N,?,?,?,?,N,0,?,N,N,?,?,?,?,N,0,?,?,?,N,?,N,?,N,?,N,?,N,N,N,N,N,N
{9591DC02-8530-4443-91DC-0285302443E1},2159100972,CAFEF00D650200000000000177331368,151876214,7.30101E+15,509568240,522518214,505604961,518511833,53377,5 DAY PARK HOPPER PLUS AGES(10+) EXPIRES,DELTA,5/26/19,6/3/19,3/19/19,3/27/19,662640766,53377,5 DAY PARK HOPPER PLUS AGES(10+) EXPIRES,DELTA,659843705,2/20/19,3/27/19,G,0,2022853682,2159100972,N,N,N,MA,1730,USA,N,N,N,N,506,BOSTON (MANCHESTER),New England,Northeast,ADULTS,N,Y,N,N,?,N,N,?,N,N,N,N,N,N,N,0,?,N,0,?,N,0,?,Y,1,7/15/12,0,?,N,N,0,?,Y,3,12/14/17,N,?,N,?,N,?,Y,2/18/12,N,?,Y,4/17/17,N,?,N,?,N,?,N,?,N,?,N,?,N,?,N,?,N,?,N,?,N,?,N,?,Y,2/28/19,N,?,N,?,N,?,Y,11/20/18,N,?,N,?,N,?,N,?,N,?,N,?,N,?,N,?,N,?,N,?,N,?,N,?,N,?,Y,12/12/17,N,?,N,?,Y,5/5/14,N,?,N,?,N,?,N,?,N,?,Y,1/16/18,2/28/19,N,N,N,N,N,N,N,Y,Y,Y,Y,Y,Y,Y,Y,N,?,0,?,?,0,?,?,?,?,?,0,?,2,Deluxe Oceanview Stateroom,SILVER,?,?,0,?,?,?,4,Deluxe Villa,1,12,4,Deluxe Villa,?,?,?,?,N,0,?,N,?,?,?,?,N,0,?,N,?,?,?,?,Y,557,1_year,N,?,?,?,?,Y,2535,4+_years,N,?,?,?,?,N,0,?,N,N,?,?,?,?,N,0,?,?,?,N,?,N,?,N,?,N,?,N,N,N,N,N,N
{86DC0AA1-6C8F-4B93-9C0A-A16C8F3B936D},2234685556,CAFEF00D650200000000000106242091,149211038,7.60043E+15,498163315,510991522,497608455,510429838,54630,3 DAY (1 THEME PARK PER DAY) AGES(10+) EXPIRES,DELTA,12/12/18,12/16/18,12/11/18,12/16/18,654626224,53638,3 DAY (1 THEME PARK PER DAY) AGES(10+) EXPIRES,DELTA,654321495,12/11/18,12/16/18,G,25.83,2255141984,2234685556,N,N,N,MO,63114,USA,N,N,N,N,609,ST. LOUIS,West North Central,Midwest,SENIORS,N,N,N,N,?,N,N,?,N,N,N,N,N,N,N,0,?,N,0,?,N,0,?,N,0,?,0,?,N,N,0,?,Y,10,12/18/18,N,?,N,?,N,?,N,?,N,?,Y,6/21/19,N,?,N,?,N,?,N,?,N,?,N,?,Y,7/31/19,N,?,N,?,N,?,N,?,N,?,Y,11/28/18,N,?,N,?,N,?,Y,11/28/18,N,?,N,?,N,?,N,?,N,?,N,?,N,?,N,?,N,?,N,?,N,?,N,?,N,?,Y,3/11/18,N,?,N,?,Y,3/31/15,N,?,N,?,Y,12/14/18,N,?,N,?,Y,1/20/19,6/21/19,N,N,N,N,N,N,N,N,N,N,N,N,N,N,N,N,?,0,?,?,0,?,?,?,?,?,0,?,?,?,?,?,?,0,?,?,?,8,Value,3,12,10,Value,?,?,?,?,N,0,?,N,?,?,?,?,N,0,?,N,Maximize,37,1_TO_3_MONTHS,7,Y,188,less_one_year,N,?,?,?,?,N,0,?,N,?,?,?,?,N,0,?,N,N,?,?,?,?,N,0,?,?,?,N,?,N,?,N,?,N,?,N,N,N,N,N,N
{432BCB5D-BD91-4279-A94F-088DDA68C8A5},1971062569,CAFEF00D650200000000000370992772,152045102,9.30681E+15,510175741,523131523,507782244,520712450,59228,1 DAY (1 THEME PARK) AGES(10+) EXPIRES,DELTA,4/3/19,4/3/19,4/2/19,4/1/19,663004134,59228,1 DAY (1 THEME PARK) AGES(10+) EXPIRES,DELTA,661360638,3/12/19,4/1/19,G,0,3387589196,1971062569,N,N,N,MI,48187,USA,N,N,N,N,505,DETROIT,East North Central,Midwest,ADULTS,N,N,N,N,?,N,N,?,N,N,N,N,N,N,N,0,?,N,0,?,N,0,?,N,0,?,0,?,N,N,0,?,N,0,?,N,?,N,?,N,?,N,?,N,?,N,?,N,?,N,?,N,?,N,?,N,?,N,?,N,?,N,?,N,?,N,?,N,?,N,?,N,?,N,?,N,?,N,?,N,?,N,?,N,?,N,?,N,?,N,?,N,?,N,?,N,?,N,?,N,?,N,?,N,?,N,?,N,?,N,?,N,?,Y,3/13/19,N,?,N,?,N,?,N,?,N,?,N,?,3/13/19,Y,Y,Y,Y,Y,Y,Y,Y,Y,Y,Y,Y,Y,Y,Y,N,?,0,?,?,0,?,?,?,?,?,0,?,?,?,?,?,?,0,?,?,?,?,?,0,?,?,?,?,?,?,?,N,0,?,N,?,?,?,?,N,0,?,N,?,?,?,?,N,0,?,N,?,?,?,?,N,0,?,N,?,?,?,?,N,0,?,N,N,?,?,?,?,N,0,?,?,?,N,?,N,?,N,?,N,?,N,N,N,N,N,N
{FFA659DA-958A-44C9-80D6-433DE416E1CF},3185832481,CAFEF00D650200000000000185105911,149592961,9.30213E+15,499888666,512735571,497960810,510786155,53343,2 DAY (1 THEME PARK PER DAY) AGES(10+) EXPIRES,DELTA,12/30/18,1/2/19,12/29/18,1/1/19,655751688,53343,2 DAY (1 THEME PARK PER DAY) AGES(10+) EXPIRES,DELTA,654488326,12/14/18,12/30/18,G,0,3185832480,3185832481,N,N,N,PR,783,PRI,I,N,N,N,?,?,?,?,YOUNG ADULTS,N,N,N,N,?,N,N,?,N,N,N,N,N,N,N,0,?,N,0,?,N,0,?,N,0,?,0,?,N,N,0,?,N,0,?,N,?,N,?,N,?,N,?,N,?,N,?,N,?,N,?,N,?,N,?,N,?,N,?,N,?,N,?,N,?,N,?,N,?,N,?,N,?,N,?,N,?,N,?,N,?,N,?,N,?,N,?,N,?,N,?,N,?,N,?,N,?,N,?,N,?,N,?,N,?,N,?,N,?,N,?,N,?,Y,8/10/18,N,?,N,?,N,?,N,?,N,?,N,?,8/10/18,Y,Y,Y,Y,Y,Y,Y,N,N,N,N,N,N,N,N,N,?,0,?,?,0,?,?,?,?,?,0,?,?,?,?,?,?,0,?,?,?,?,?,0,?,?,?,?,?,?,?,N,0,?,N,?,?,?,?,N,0,?,N,?,?,?,?,N,0,?,N,?,?,?,?,N,0,?,N,?,?,?,?,N,0,?,N,N,?,?,?,?,N,0,?,?,?,N,?,N,?,N,?,N,?,N,N,N,N,N,N
{B298513A-C8AC-47E7-AFC5-589F279D926E},3314742280,CAFEF00D650200000000000351330723,150482584,9.31022E+15,503852682,516740219,498946382,511784330,54115,3 DAY (1 THEME PARK PER DAY) AGES(10+) EXPIRES,DELTA,2/4/19,2/8/19,2/3/19,2/4/19,658596106,54175,3 DAY (1 PARK PER DAY) EXCH AGES(10+) EXPIRES,DELTA,655122872,12/23/18,2/4/19,G,0,3314742279,3314742280,N,N,N,GT,37296,MEX,I,N,N,N,?,?,?,?,SENIORS,N,N,N,N,?,N,N,?,N,N,N,N,N,N,N,0,?,N,0,?,N,0,?,N,0,?,0,?,N,N,0,?,N,0,?,N,?,N,?,N,?,N,?,N,?,N,?,N,?,N,?,N,?,N,?,N,?,N,?,N,?,N,?,N,?,N,?,N,?,N,?,N,?,N,?,N,?,N,?,N,?,N,?,N,?,N,?,N,?,N,?,N,?,N,?,N,?,N,?,N,?,N,?,N,?,N,?,N,?,N,?,N,?,Y,12/23/18,N,?,N,?,N,?,N,?,N,?,N,?,12/23/18,Y,Y,Y,Y,Y,Y,Y,Y,Y,Y,Y,Y,Y,Y,Y,N,?,0,?,?,0,?,?,?,?,?,0,?,?,?,?,?,?,0,?,?,?,?,?,0,?,?,?,?,?,?,?,N,0,?,N,?,?,?,?,N,0,?,N,?,?,?,?,N,0,?,N,?,?,?,?,N,0,?,N,?,?,?,?,N,0,?,N,N,?,?,?,?,N,0,?,?,?,N,?,N,?,N,?,N,?,N,N,N,N,N,N
{9C69540B-1213-4E34-91F6-CBC05D79DC06},800448828,CAFEF00D650200000000000032811437,153001064,9.30091E+15,513675547,526883434,513687405,526895292,59509,1 DAY (1 THEME PARK) FL AGES(10+) EXPIRES,DELTA,5/4/19,5/4/19,5/11/19,5/3/19,665604909,59509,1 DAY (1 THEME PARK) FL AGES(10+) EXPIRES,DELTA,665636333,5/3/19,5/3/19,G,0,2496988495,800448828,N,N,N,FL,33875,USA,N,N,Y,N,539,TAMPA-ST. PETE (SARASOTA),South Atlantic,Florida,YOUNG ADULTS,N,N,N,N,?,N,N,?,N,N,N,N,N,N,N,0,?,N,0,?,N,0,?,N,0,?,0,?,N,N,0,?,Y,1,6/17/16,N,?,N,?,N,?,N,?,N,?,Y,4/6/16,N,?,N,?,N,?,N,?,N,?,N,?,N,?,N,?,N,?,N,?,N,?,N,?,N,?,N,?,N,?,N,?,N,?,N,?,N,?,N,?,N,?,N,?,N,?,N,?,N,?,N,?,N,?,N,?,N,?,N,?,N,?,N,?,N,?,Y,4/4/16,N,?,N,?,Y,10/13/16,N,?,N,?,N,?,10/13/16,N,N,N,N,N,N,N,N,N,N,N,N,N,N,N,N,?,0,?,?,0,?,?,?,?,?,0,?,?,?,?,?,?,0,?,?,?,?,?,0,?,1,Value,?,?,?,?,N,0,?,N,?,?,?,?,N,0,?,N,?,?,?,?,Y,1102,3_years,N,?,?,?,?,N,0,?,N,?,?,?,?,N,0,?,N,N,?,?,?,?,N,0,?,?,?,N,?,N,?,N,?,N,?,N,N,N,N,N,N
{67E4E496-E469-403F-A4E4-96E469C03FDC},426063269,CAFEF00D650200000000000331843360,149089488,9.30071E+15,497612889,510434272,497423588,510242545,53337,1 DAY (1 THEME PARK) AGES(10+) EXPIRES,DELTA,12/12/18,12/12/18,12/9/18,12/11/18,654331064,53337,1 DAY (1 THEME PARK) AGES(10+) EXPIRES,DELTA,654115152,12/9/18,12/11/18,G,0,3300650312,426063269,N,N,N,MA,1603,USA,N,N,N,N,506,BOSTON (MANCHESTER),New England,Northeast,ADULTS,N,N,N,N,?,N,N,?,N,N,N,N,N,N,N,0,?,N,0,?,N,0,?,N,0,?,0,?,N,N,0,?,N,0,?,N,?,N,?,N,?,N,?,N,?,N,?,N,?,N,?,N,?,N,?,N,?,N,?,N,?,N,?,N,?,N,?,N,?,N,?,N,?,N,?,N,?,N,?,N,?,N,?,N,?,N,?,N,?,N,?,N,?,N,?,N,?,N,?,N,?,N,?,N,?,N,?,N,?,N,?,N,?,Y,3/29/12,N,?,N,?,Y,12/8/18,N,?,N,?,N,?,12/8/18,N,N,N,N,N,N,N,N,N,N,N,N,N,N,N,N,?,0,?,?,0,?,?,?,?,?,0,?,?,?,?,?,?,0,?,?,?,?,?,0,?,?,?,?,?,?,?,N,0,?,N,?,?,?,?,N,0,?,N,?,?,?,?,N,0,?,N,?,?,?,?,N,0,?,N,?,?,?,?,N,0,?,N,N,?,?,?,?,N,0,?,?,?,N,?,N,?,N,?,N,?,Y,N,N,N,N,N
{65E4900F-7E6B-4A2D-B519-08364928916E},2103377738,CAFEF00D650200000000000326481030,150476529,7.4012E+15,503844347,516731884,500154930,513004116,53337,1 DAY (1 THEME PARK) AGES(10+) EXPIRES,DELTA,2/5/19,2/5/19,2/4/19,2/4/19,658611174,53337,1 DAY (1 THEME PARK) AGES(10+) EXPIRES,DELTA,655834017,1/1/19,2/4/19,G,0,3298158199,2103377738,N,N,N,RI,2879,USA,N,N,N,N,521,PROVIDENCE-NEW BEDFORD,New England,Northeast,YOUNG ADULTS,N,N,N,N,?,N,N,?,N,N,N,N,N,N,N,0,?,N,0,?,N,0,?,N,0,?,0,?,N,N,0,?,N,0,?,N,?,N,?,N,?,N,?,N,?,N,?,N,?,N,?,N,?,N,?,N,?,N,?,N,?,N,?,N,?,N,?,N,?,N,?,N,?,N,?,N,?,N,?,N,?,N,?,N,?,N,?,N,?,N,?,N,?,N,?,N,?,N,?,N,?,N,?,N,?,N,?,N,?,N,?,N,?,Y,12/3/18,N,?,N,?,N,?,N,?,N,?,N,?,12/3/18,N,N,N,N,N,N,N,Y,Y,Y,Y,Y,Y,Y,Y,N,?,0,?,?,0,?,?,?,?,?,0,?,?,?,?,?,?,0,?,?,?,?,?,0,?,?,?,?,?,?,?,N,0,?,N,?,?,?,?,N,0,?,N,?,?,?,?,N,0,?,N,?,?,?,?,N,0,?,N,?,?,?,?,N,0,?,N,N,?,?,?,?,N,0,?,?,?,N,?,N,?,N,?,N,?,N,N,N,N,N,N
{F9B86967-AC15-44A9-9B73-FC681CAEE884},354445994,CAFEF00D650200000000000205274688,150285119,9.30081E+15,503006573,515885048,502883866,515761159,53339,1 DAY PARK HOPPER AGES(10+) EXPIRES,DELTA,1/28/19,1/28/19,1/27/19,1/26/19,658017465,53339,1 DAY PARK HOPPER AGES(10+) EXPIRES,DELTA,657955722,1/25/19,1/26/19,G,0,3052444360,354445994,N,N,N,CT,6096,USA,N,N,N,N,533,HARTFORD & NEW HAVEN,New England,Northeast,ADULTS,N,N,N,N,?,N,N,?,N,N,N,N,N,N,N,0,?,N,0,?,N,0,?,N,0,?,0,?,N,N,0,?,N,0,?,N,?,N,?,N,?,N,?,N,?,N,?,N,?,N,?,N,?,N,?,N,?,N,?,N,?,N,?,N,?,N,?,N,?,N,?,N,?,N,?,N,?,N,?,N,?,N,?,N,?,N,?,N,?,N,?,N,?,N,?,N,?,N,?,N,?,N,?,N,?,N,?,N,?,N,?,N,?,Y,2/2/18,N,?,N,?,Y,2/28/18,N,?,N,?,Y,4/6/18,4/6/18,Y,Y,Y,Y,Y,Y,Y,N,N,N,N,N,N,N,N,N,?,0,?,?,0,?,?,?,?,?,0,?,?,?,?,?,?,0,?,?,?,?,?,0,?,?,?,?,?,?,?,N,0,?,N,?,?,?,?,N,0,?,N,?,?,?,?,N,0,?,N,?,?,?,?,N,0,?,N,?,?,?,?,N,0,?,N,N,?,?,?,?,N,0,?,?,?,N,?,N,?,N,?,N,?,N,N,N,N,N,N
{E4233147-E2E7-4D29-86A5-943F7A800850},3414016961,CAFEF00D650200000000000354524064,149764365,9.30811E+15,500721769,513575706,500735209,513589146,53337,1 DAY (1 THEME PARK) AGES(10+) EXPIRES,DELTA,1/6/19,1/6/19,1/5/19,1/5/19,656412439,53409,1 DAY (1 THEME PARK) FL AGES(10+) EXPIRES,DELTA,656374659,1/5/19,1/5/19,G,0,3325418196,3414016961,N,N,N,FL,33773,USA,N,N,Y,N,539,TAMPA-ST. PETE (SARASOTA),South Atlantic,Florida,YOUNG ADULTS,N,N,N,N,?,N,N,?,N,N,N,N,N,N,N,0,?,N,0,?,N,0,?,N,0,?,0,?,N,N,0,?,N,0,?,N,?,N,?,N,?,N,?,N,?,N,?,N,?,N,?,N,?,N,?,N,?,N,?,N,?,N,?,N,?,N,?,N,?,N,?,N,?,N,?,N,?,N,?,N,?,N,?,N,?,N,?,N,?,N,?,N,?,N,?,N,?,N,?,N,?,N,?,N,?,N,?,N,?,N,?,N,?,Y,1/5/19,N,?,N,?,N,?,N,?,N,?,N,?,1/5/19,N,N,N,N,N,N,N,Y,Y,Y,Y,Y,Y,Y,Y,N,?,0,?,?,0,?,?,?,?,?,0,?,?,?,?,?,?,0,?,?,?,?,?,0,?,?,?,?,?,?,?,N,0,?,N,?,?,?,?,N,0,?,N,?,?,?,?,N,0,?,N,?,?,?,?,N,0,?,N,?,?,?,?,N,0,?,N,N,?,?,?,?,N,0,?,?,?,N,?,N,?,N,?,N,?,N,N,N,N,N,N
{8F892415-28F4-43E5-8924-1528F4A3E5FB},1605749543,CAFEF00D650200000000000116080779,152452821,9.30033E+15,511665147,524638264,501439816,514300757,59237,2 DAY PARK HOPPER AGES(10+) EXPIRES,DELTA,4/19/19,4/22/19,4/21/19,4/15/19,664367294,53345,2 DAY PARK HOPPER AGES(10+) EXPIRES,DELTA,656970593,1/11/19,4/15/19,G,40.91,2005848297,1605749543,N,N,N,FL,33844,USA,N,N,Y,N,539,TAMPA-ST. PETE (SARASOTA),South Atlantic,Florida,SENIORS,N,N,N,N,?,N,N,?,N,N,N,N,N,N,N,0,?,N,0,?,N,0,?,N,0,?,0,?,N,N,0,?,N,0,?,N,?,N,?,N,?,N,?,N,?,N,?,N,?,N,?,N,?,N,?,N,?,N,?,N,?,N,?,N,?,N,?,N,?,N,?,N,?,N,?,N,?,N,?,N,?,N,?,N,?,N,?,N,?,N,?,N,?,N,?,N,?,N,?,N,?,N,?,N,?,N,?,Y,4/8/14,N,?,N,?,Y,2/10/19,N,?,N,?,N,?,N,?,N,?,N,?,2/10/19,Y,Y,Y,Y,Y,Y,Y,Y,N,N,N,N,N,N,Y,N,?,0,?,?,0,?,?,?,?,?,0,?,?,?,?,?,?,0,?,?,?,?,?,0,?,?,?,?,?,?,?,N,0,?,N,?,?,?,?,N,0,?,N,?,?,?,?,N,0,?,N,?,?,?,?,N,0,?,N,?,?,?,?,N,0,?,N,N,?,?,?,?,N,0,?,?,?,N,?,N,?,N,?,N,?,N,N,N,N,N,N
{A6A4C593-09DE-4DEF-A235-E6899DB97DD6},3389229219,CAFEF00D650200000000000371294637,152878331,9.30691E+15,513135538,526337512,508027013,520960482,60330,3 DAY (1 THEME PARK PER DAY) AGES(10+) EXPIRES,DELTA,4/28/19,5/2/19,4/27/19,4/28/19,665263857,60432,3 DAY (1 PARK PER DAY) EXCH AGES(10+) EXPIRES,DELTA,661538833,3/14/19,4/28/19,G,0,3389229218,3389229219,N,N,N,ES,29060-370,BRA,I,N,N,N,?,?,?,?,ADULTS,N,N,N,N,?,N,N,?,N,N,N,N,N,N,N,0,?,N,0,?,N,0,?,N,0,?,0,?,N,N,0,?,N,0,?,N,?,N,?,N,?,N,?,N,?,N,?,N,?,N,?,N,?,N,?,N,?,N,?,N,?,N,?,N,?,N,?,N,?,N,?,N,?,N,?,N,?,N,?,N,?,N,?,N,?,N,?,N,?,N,?,N,?,N,?,N,?,N,?,N,?,N,?,N,?,N,?,N,?,N,?,N,?,Y,3/14/19,N,?,N,?,N,?,N,?,N,?,N,?,3/14/19,Y,Y,Y,Y,Y,Y,Y,Y,Y,Y,Y,Y,Y,Y,Y,N,?,0,?,?,0,?,?,?,?,?,0,?,?,?,?,?,?,0,?,?,?,?,?,0,?,?,?,?,?,?,?,N,0,?,N,?,?,?,?,N,0,?,N,?,?,?,?,N,0,?,N,?,?,?,?,N,0,?,N,?,?,?,?,N,0,?,N,N,?,?,?,?,N,0,?,?,?,N,?,N,?,N,?,N,?,N,N,N,N,N,N
{8B342689-87D5-422D-BACF-BF98614AFA7F},2803335094,CAFEF00D650200000000000220087962,152584244,9.30723E+15,512054009,525031468,509834794,522787458,59228,1 DAY (1 THEME PARK) AGES(10+) EXPIRES,DELTA,4/20/19,4/20/19,4/19/19,4/18/19,664564563,59228,1 DAY (1 THEME PARK) AGES(10+) EXPIRES,DELTA,662752934,3/29/19,4/18/19,G,0,2803335093,2803335094,N,N,N,OH,44321,USA,N,N,N,N,510,CLEVELAND-AKRON (CANTON),East North Central,Midwest,ADULTS,N,N,N,N,?,N,N,?,N,N,N,N,N,N,N,0,?,N,0,?,N,0,?,N,0,?,0,?,N,N,0,?,N,0,?,N,?,N,?,N,?,N,?,N,?,N,?,N,?,N,?,N,?,N,?,N,?,N,?,N,?,N,?,N,?,N,?,N,?,N,?,N,?,N,?,N,?,N,?,N,?,N,?,N,?,N,?,N,?,N,?,N,?,N,?,N,?,N,?,N,?,N,?,N,?,N,?,Y,4/20/17,N,?,N,?,Y,4/11/17,N,?,N,?,Y,4/20/17,N,?,N,?,N,?,4/20/17,N,N,N,N,N,N,N,N,N,N,N,N,N,N,N,N,?,0,?,?,0,?,?,?,?,?,0,?,?,?,?,?,?,0,?,?,?,?,?,0,?,?,?,?,?,?,?,N,0,?,N,?,?,?,?,N,0,?,N,?,?,?,?,N,0,?,N,?,?,?,?,N,0,?,N,?,?,?,?,N,0,?,N,N,?,?,?,?,N,0,?,?,?,N,?,N,?,N,?,N,?,N,N,N,N,N,N
{283715BE-ED28-438F-94B3-39E21236A2B1},3336864773,CAFEF00D650200000000000250173618,150147178,9.30732E+15,502378458,515249678,501822353,514687761,54582,3 DAY (1 THEME PARK PER DAY) AGES(10+) EXPIRES,DELTA,1/20/19,1/24/19,1/22/19,1/20/19,657554877,53337,1 DAY (1 THEME PARK) AGES(10+) EXPIRES,DELTA,657196629,1/15/19,1/20/19,G,223.6,3336864772,3336864773,N,N,N,NJ,7083,USA,N,N,N,N,501,NEW YORK,Mid-Atlantic,Northeast,YOUNG ADULTS,N,N,N,N,?,N,N,?,N,N,N,N,N,N,N,0,?,N,0,?,N,0,?,N,0,?,0,?,N,N,0,?,N,0,?,N,?,N,?,N,?,N,?,N,?,N,?,N,?,N,?,N,?,N,?,N,?,N,?,N,?,N,?,N,?,N,?,N,?,N,?,N,?,N,?,N,?,N,?,N,?,N,?,N,?,N,?,N,?,N,?,N,?,N,?,N,?,N,?,N,?,N,?,N,?,N,?,N,?,N,?,N,?,Y,8/29/18,N,?,N,?,N,?,N,?,N,?,N,?,8/29/18,N,N,N,N,N,N,N,Y,Y,Y,Y,Y,Y,Y,Y,N,?,0,?,?,0,?,?,?,?,?,0,?,?,?,?,?,?,0,?,?,?,?,?,0,?,?,?,?,?,?,?,N,0,?,N,?,?,?,?,N,0,?,N,?,?,?,?,N,0,?,N,?,?,?,?,N,0,?,N,?,?,?,?,N,0,?,N,N,?,?,?,?,N,0,?,?,?,N,?,N,?,N,?,N,?,N,N,N,N,N,N
{9C32BC64-4D30-4609-B2BC-644D307609EB},1999794443,CAFEF00D650200000000000086704407,152088828,7.60452E+15,510374345,523332704,508981012,521924552,59228,1 DAY (1 THEME PARK) AGES(10+) EXPIRES,DELTA,5/5/19,5/5/19,5/4/19,4/3/19,663131612,59228,1 DAY (1 THEME PARK) AGES(10+) EXPIRES,DELTA,662169020,3/22/19,4/3/19,G,0,1999794442,1999794443,N,N,N,Q,77533,MEX,I,N,N,N,618,HOUSTON,West South Central,South,ADULTS,N,N,N,N,?,N,N,?,N,N,N,N,N,N,N,0,?,N,0,?,N,0,?,N,0,?,0,?,N,N,0,?,Y,1,1/28/17,N,?,N,?,N,?,N,?,N,?,Y,10/17/16,N,?,N,?,N,?,N,?,N,?,N,?,N,?,N,?,N,?,N,?,N,?,N,?,N,?,N,?,N,?,N,?,N,?,N,?,N,?,N,?,N,?,N,?,N,?,N,?,N,?,N,?,N,?,N,?,N,?,N,?,Y,1/27/17,N,?,N,?,Y,2/23/14,N,?,N,?,Y,1/26/17,N,?,N,?,N,?,1/28/17,Y,Y,Y,Y,Y,Y,Y,Y,Y,Y,Y,Y,Y,Y,Y,N,?,0,?,?,0,?,?,?,?,?,0,?,?,?,?,?,?,0,?,?,?,?,?,0,?,7,Value,?,?,?,?,N,0,?,N,?,?,?,?,N,0,?,N,?,?,?,?,Y,877,2_years,N,?,?,?,?,N,0,?,N,?,?,?,?,N,0,?,N,N,?,?,?,?,N,0,?,?,?,N,?,N,?,N,?,N,?,N,N,N,N,N,N
{F24895C6-D23E-4FF4-A8C2-CB60A05AEF4C},2148791903,CAFEF00D650200000000000082403988,150899301,7.60032E+15,505606836,518513708,505612062,518518934,53339,1 DAY PARK HOPPER AGES(10+) EXPIRES,DELTA,3/20/19,3/20/19,3/21/19,2/20/19,659846006,53339,1 DAY PARK HOPPER AGES(10+) EXPIRES,DELTA,659852549,2/20/19,2/20/19,G,0,852695066,2148791903,N,N,N,MD,20772,USA,N,N,N,N,511,"WASHINGTON, DC (HAGRSTWN)",South Atlantic,South,ADULTS,N,Y,N,N,?,N,N,?,N,N,N,N,N,N,N,0,?,N,0,?,N,0,?,Y,5,8/27/18,0,?,N,N,0,?,Y,2,4/23/18,N,?,N,?,N,?,Y,3/5/19,N,?,Y,1/27/18,N,?,N,?,N,?,Y,1/26/20,N,?,N,?,N,?,N,?,N,?,N,?,N,?,N,?,N,?,N,?,N,?,N,?,Y,12/1/17,N,?,N,?,N,?,N,?,Y,10/18/14,N,?,N,?,Y,8/22/16,Y,10/18/14,Y,10/18/14,N,?,N,?,N,?,Y,4/20/18,N,?,N,?,Y,2/9/08,N,?,N,?,Y,4/22/18,N,?,N,?,Y,10/8/18,3/5/19,Y,Y,Y,Y,Y,Y,Y,N,N,N,N,N,N,N,N,N,?,0,?,?,0,?,?,Standard Inside Stateroom,11,Vancouver,3,Alaskan,11,Deluxe Family Oceanview Stateroom with Verandah,GOLD,?,?,0,?,?,?,3,Moderate,1,4,4,Moderate,?,?,?,?,N,0,?,N,?,?,?,?,N,0,?,N,?,?,?,?,Y,427,1_year,N,Maximize,216,6+_MONTHS,1,Y,301,less_one_year,N,?,?,?,?,N,0,?,N,N,?,?,?,?,N,0,?,?,?,N,?,N,?,N,?,N,?,N,N,N,N,N,N
{B09FB562-2F4B-44F0-B14D-73D872C02915},134468665,CAFEF00D650200000000000352899143,149597959,9.30253E+15,499895907,512742812,499891678,512738583,53409,1 DAY (1 THEME PARK) FL AGES(10+) EXPIRES,DELTA,1/1/19,1/1/19,12/31/18,12/30/18,655698881,53409,1 DAY (1 THEME PARK) FL AGES(10+) EXPIRES,DELTA,655693251,12/30/18,12/30/18,G,0,3319545843,134468665,N,N,N,FL,33156,USA,N,N,Y,N,528,MIAMI-FT. LAUDERDALE,South Atlantic,Florida,SENIORS,N,N,N,N,?,N,N,?,N,N,N,N,N,N,N,0,?,N,0,?,N,0,?,N,0,?,0,?,N,N,0,?,Y,3,6/14/19,N,?,N,?,N,?,N,?,N,?,Y,4/28/19,N,?,N,?,N,?,N,?,N,?,N,?,N,?,N,?,N,?,N,?,N,?,N,?,N,?,N,?,N,?,N,?,Y,4/28/19,N,?,N,?,N,?,N,?,N,?,N,?,N,?,N,?,N,?,N,?,N,?,N,?,N,?,N,?,N,?,N,?,Y,7/2/11,N,?,N,?,Y,1/1/19,N,?,N,?,N,?,6/14/19,N,N,N,N,N,N,N,Y,Y,Y,Y,Y,Y,Y,Y,Y,?,0,?,?,0,?,?,?,?,?,0,?,?,?,?,?,?,0,?,?,?,2,Value,3,6,2,Moderate,?,?,?,?,N,0,?,N,?,?,?,?,N,0,?,N,Advocate,?,?,?,N,10,less_one_year,Y,?,?,?,?,N,0,?,N,?,?,?,?,N,0,?,N,N,?,?,?,?,N,0,?,?,?,N,?,N,?,N,?,N,?,Y,N,N,N,N,N
{B0F98DB1-F58B-4C27-B98D-B1F58BBC272E},2615639006,CAFEF00D650200000000000200787868,152832159,9.30011E+15,512927132,526104803,507883769,520815522,59242,3 DAY (1 THEME PARK PER DAY) AGES(10+) EXPIRES,DELTA,6/17/19,6/21/19,6/18/19,4/26/19,665138009,59242,3 DAY (1 THEME PARK PER DAY) AGES(10+) EXPIRES,DELTA,661416110,3/13/19,4/26/19,G,0,1829229293,2615639006,N,N,N,TX,76119,USA,N,N,N,N,623,DALLAS-FT. WORTH,West South Central,South,ADULTS,N,N,N,N,?,N,N,?,N,N,N,N,N,N,N,0,?,N,0,?,N,0,?,N,0,?,0,?,N,N,0,?,N,0,?,N,?,N,?,N,?,N,?,N,?,N,?,N,?,N,?,N,?,N,?,N,?,N,?,N,?,N,?,N,?,N,?,N,?,N,?,N,?,N,?,N,?,N,?,Y,2/12/18,N,?,N,?,N,?,Y,1/26/10,N,?,N,?,N,?,N,?,Y,8/9/15,Y,8/9/15,N,?,Y,6/5/17,N,?,N,?,N,?,N,?,Y,1/2/15,N,?,N,?,Y,3/16/18,N,?,N,?,N,?,3/16/18,N,N,N,N,N,N,N,N,N,N,N,N,N,N,N,N,?,0,?,?,0,?,?,?,?,?,0,?,?,?,?,?,?,0,?,?,?,?,?,0,?,?,?,?,?,?,?,N,0,?,N,?,?,?,?,N,0,?,N,?,?,?,?,N,0,?,N,?,?,?,?,N,0,?,N,?,?,?,?,N,0,?,N,N,?,?,?,?,N,0,?,?,?,N,?,N,?,N,?,N,?,N,N,N,N,N,N
{BF1419C5-9105-4463-B7C6-22ECDF4DE019},3331993438,CAFEF00D650200000000000351280633,150139540,9.30222E+15,502365750,515236970,498927862,511765810,54109,2 DAY (1 THEME PARK PER DAY) AGES(10+) EXPIRES,DELTA,1/20/19,1/23/19,1/19/19,1/20/19,657566670,54169,2 DAY (1 PARK PER DAY) EXCH AGES(10+) EXPIRES,DELTA,655100392,12/23/18,1/20/19,G,0,3314671260,3331993438,N,N,N,AT,80001,COL,I,N,N,N,?,?,?,?,YOUNG ADULTS,N,N,N,N,?,N,N,?,N,N,N,N,N,N,N,0,?,N,0,?,N,0,?,N,0,?,0,?,N,N,0,?,Y,1,1/22/19,N,?,N,?,N,?,N,?,N,?,Y,1/11/19,N,?,N,?,N,?,N,?,N,?,N,?,N,?,N,?,N,?,N,?,N,?,N,?,N,?,N,?,N,?,N,?,N,?,N,?,N,?,N,?,N,?,N,?,N,?,N,?,N,?,N,?,N,?,N,?,N,?,N,?,N,?,N,?,N,?,Y,12/23/18,N,?,N,?,Y,1/21/19,N,?,N,?,N,?,1/22/19,Y,Y,Y,Y,Y,Y,Y,Y,Y,Y,Y,Y,Y,Y,Y,N,?,0,?,?,0,?,?,?,?,?,0,?,?,?,?,?,?,0,?,?,?,1,Campground,1,1,1,Campground,?,?,?,?,N,0,?,N,?,?,?,?,N,0,?,N,?,?,?,?,Y,153,less_one_year,N,?,?,?,?,N,0,?,N,?,?,?,?,N,0,?,N,N,?,?,?,?,N,0,?,?,?,N,?,N,?,N,?,N,?,N,N,N,N,N,N
{6EE709BD-F1A6-4C7A-B11D-E2BA565B4F2E},332170408,CAFEF00D650200000000000212314332,150608888,8.01282E+15,504351163,517244773,504149583,517040540,53337,1 DAY (1 THEME PARK) AGES(10+) EXPIRES,DELTA,2/9/19,2/9/19,2/7/19,2/9/19,658958352,53337,1 DAY (1 THEME PARK) AGES(10+) EXPIRES,DELTA,658796561,2/7/19,2/9/19,G,5.32,2620590463,332170408,N,N,N,PA,15216,USA,N,N,N,N,508,PITTSBURGH,Mid-Atlantic,Northeast,ADULTS,N,N,N,N,?,N,N,?,N,N,N,N,N,N,N,0,?,N,0,?,N,0,?,N,0,?,0,?,N,N,0,?,Y,5,2/11/19,N,?,N,?,N,?,N,?,N,?,Y,1/2/19,N,?,N,?,N,?,N,?,N,?,N,?,N,?,N,?,N,?,N,?,N,?,N,?,Y,9/20/16,N,?,N,?,N,?,N,?,N,?,N,?,N,?,N,?,N,?,N,?,N,?,N,?,N,?,N,?,N,?,N,?,N,?,Y,12/5/16,N,?,N,?,Y,8/12/16,N,?,N,?,Y,2/8/19,N,?,N,?,Y,2/11/19,2/11/19,Y,Y,Y,Y,Y,Y,Y,Y,Y,Y,Y,Y,Y,Y,Y,N,?,0,?,?,0,?,?,?,?,?,0,?,?,?,?,?,?,0,?,?,?,2,Moderate,3,2,6,Moderate,?,?,?,?,N,0,?,N,?,?,?,?,N,0,?,N,?,?,?,?,Y,133,less_one_year,N,?,?,?,?,N,0,?,N,?,?,?,?,N,0,?,N,N,?,?,?,?,N,0,?,?,?,N,?,N,?,N,?,N,?,N,N,N,N,N,N
{D35EB98C-9989-4F60-B647-5DF1588A115D},124978448,CAFEF00D650200000000000359607664,150157764,9.30952E+15,502460229,515332340,498488589,511321016,54596,5 DAY PARK HOPPER AGES(10+) EXPIRES,DELTA,1/21/19,1/28/19,1/23/19,1/21/19,657628768,53425,3 DAY PARK HOPPER AGES(10+) EXPIRES,DELTA,654794721,12/19/18,1/21/19,G,131.4,3345330689,124978448,N,N,N,NY,11771,USA,N,N,N,N,501,NEW YORK,Mid-Atlantic,Northeast,SENIORS,N,N,N,N,?,N,N,?,N,N,N,N,N,N,N,0,?,N,0,?,N,0,?,N,0,?,0,?,N,N,0,?,Y,1,1/27/19,N,?,N,?,N,?,N,?,N,?,Y,10/6/18,N,?,N,?,N,?,N,?,N,?,N,?,N,?,N,?,N,?,N,?,N,?,N,?,N,?,N,?,N,?,N,?,N,?,N,?,N,?,N,?,N,?,N,?,N,?,N,?,N,?,N,?,N,?,N,?,N,?,N,?,N,?,N,?,N,?,Y,1/25/19,N,?,N,?,Y,1/26/19,N,?,N,?,N,?,1/27/19,N,N,N,N,N,N,N,N,N,N,N,N,N,N,N,N,?,0,?,?,0,?,?,?,?,?,0,?,?,?,?,?,?,0,?,?,?,3,Deluxe Villa,1,1,3,Deluxe Villa,?,?,?,?,N,0,?,N,?,?,?,?,N,0,?,N,?,?,?,?,Y,148,less_one_year,N,?,?,?,?,N,0,?,N,?,?,?,?,N,0,?,N,N,?,?,?,?,N,0,?,?,?,N,?,N,?,N,?,N,?,N,N,N,N,N,N
{A1F3AF3F-2F54-4FC1-A450-AAAB2A4C6C04},3257852330,CAFEF00D650200000000000309636650,148283912,9.3002E+15,493508406,506282420,493161106,505930612,53337,1 DAY (1 THEME PARK) AGES(10+) EXPIRES,DELTA,11/11/18,11/11/18,11/4/18,11/4/18,651504810,53337,1 DAY (1 THEME PARK) AGES(10+) EXPIRES,DELTA,651238333,11/1/18,11/4/18,G,0,3257852329,3257852330,N,N,N,FL,32746,USA,N,N,Y,N,534,ORLANDO-DAYTONA BCH-MELBRN,South Atlantic,Florida,YOUNG ADULTS,N,N,N,N,?,N,N,?,N,N,N,N,N,N,N,0,?,N,0,?,N,0,?,N,0,?,0,?,N,N,0,?,N,0,?,N,?,N,?,N,?,N,?,N,?,N,?,N,?,N,?,N,?,N,?,N,?,N,?,N,?,N,?,N,?,N,?,N,?,N,?,N,?,N,?,N,?,N,?,N,?,N,?,N,?,N,?,N,?,N,?,N,?,N,?,N,?,N,?,N,?,N,?,N,?,N,?,N,?,N,?,N,?,Y,2/6/19,N,?,N,?,Y,2/9/19,N,?,N,?,Y,2/4/19,2/9/19,N,N,N,N,N,N,N,Y,N,N,Y,Y,N,N,Y,N,?,0,?,?,0,?,?,?,?,?,0,?,?,?,?,?,?,0,?,?,?,?,?,0,?,?,?,?,?,?,?,N,0,?,N,?,?,?,?,N,0,?,N,?,?,?,?,N,0,?,N,?,?,?,?,N,0,?,N,?,?,?,?,N,0,?,N,N,?,?,?,?,N,0,?,?,?,N,?,N,?,N,?,N,?,N,N,N,N,N,N
{498BA5BB-C26D-42D5-B74F-E87206E81876},2548177605,CAFEF00D650200000000000351951751,149570693,9.30383E+15,499744630,512590345,499743496,512589211,53343,2 DAY (1 THEME PARK PER DAY) AGES(10+) EXPIRES,DELTA,12/30/18,12/31/18,12/31/18,12/29/18,655578797,53343,2 DAY (1 THEME PARK PER DAY) AGES(10+) EXPIRES,DELTA,655577265,12/29/18,12/29/18,G,0,3316793458,2548177605,N,N,N,ON,L2V5E2,CAN,C,N,N,N,?,?,?,?,ADULTS,N,N,N,N,?,N,N,?,N,N,N,N,N,N,N,0,?,N,0,?,N,0,?,N,0,?,0,?,N,N,0,?,N,0,?,N,?,N,?,N,?,N,?,N,?,N,?,N,?,N,?,N,?,N,?,N,?,N,?,N,?,N,?,N,?,N,?,N,?,N,?,N,?,N,?,N,?,N,?,N,?,N,?,N,?,N,?,N,?,N,?,N,?,N,?,N,?,N,?,N,?,N,?,N,?,N,?,N,?,N,?,N,?,Y,12/27/18,N,?,N,?,Y,1/3/19,N,?,N,?,N,?,1/3/19,Y,Y,Y,Y,Y,Y,Y,Y,Y,Y,Y,Y,Y,Y,Y,N,?,0,?,?,0,?,?,?,?,?,0,?,?,?,?,?,?,0,?,?,?,?,?,0,?,?,?,?,?,?,?,N,0,?,N,?,?,?,?,N,0,?,N,?,?,?,?,N,0,?,N,?,?,?,?,N,0,?,N,?,?,?,?,N,0,?,N,N,?,?,?,?,N,0,?,?,?,N,?,N,?,N,?,N,?,N,N,N,N,N,N
{0A4EB99E-28A9-4F71-8EB9-9E28A94F718B},107777243,CAFEF00D650200000000000054299772,153146325,8.00081E+15,514365238,527684908,513985788,527196664,59235,2 DAY (1 THEME PARK PER DAY) AGES(10+) EXPIRES,DELTA,7/8/19,7/11/19,7/9/19,5/10/19,666113444,59235,2 DAY (1 THEME PARK PER DAY) AGES(10+) EXPIRES,DELTA,665871426,5/6/19,5/10/19,G,0,1655546779,107777243,N,N,N,OR,97229,USA,N,N,N,N,820,"PORTLAND, OR",Pacific,West,ADULTS,N,N,N,N,?,N,N,?,N,N,N,N,N,N,N,0,?,N,0,?,N,0,?,Y,1,8/17/00,2,7/23/16,Y,N,0,?,N,0,?,N,?,N,?,N,?,Y,10/23/99,Y,6/14/16,N,?,N,?,N,?,N,?,N,?,N,?,N,?,N,?,N,?,N,?,N,?,N,?,Y,7/13/16,N,?,N,?,N,?,N,?,N,?,N,?,N,?,N,?,N,?,N,?,N,?,N,?,N,?,N,?,N,?,N,?,N,?,N,?,Y,11/9/13,N,?,Y,6/22/12,Y,6/2/12,N,?,N,?,N,?,N,?,N,?,N,?,7/23/16,N,N,N,N,N,N,N,Y,Y,Y,Y,Y,Y,Y,Y,N,?,0,?,?,0,?,?,?,?,?,0,?,4,Deluxe Oceanview Stateroom with Navigator's Verand,SILVER,0,?,0,?,5,Deluxe,?,?,0,?,?,?,?,?,?,?,N,0,?,N,?,?,?,?,N,0,?,N,?,?,?,?,N,0,?,N,?,?,?,?,Y,6885,4+_years,N,?,?,?,?,Y,1066,2_years,N,N,?,?,?,?,N,0,?,?,?,N,?,N,?,N,?,N,?,Y,N,N,N,N,N
{5887C2DE-D366-468F-8F41-EC89F3CD9505},2133224805,CAFEF00D650200000000000356109882,150226985,9.30731E+15,502779589,515655736,502779587,515655734,53337,1 DAY (1 THEME PARK) AGES(10+) EXPIRES,DELTA,1/25/19,1/25/19,1/24/19,1/24/19,657868923,53337,1 DAY (1 THEME PARK) AGES(10+) EXPIRES,DELTA,657868921,1/24/19,1/24/19,G,0,3331876332,2133224805,N,N,N,UT,84040,USA,N,N,N,N,770,SALT LAKE CITY,Mountain,West,SENIORS,N,N,N,N,?,N,N,?,N,N,N,N,N,N,N,0,?,N,0,?,N,0,?,N,0,?,0,?,N,N,0,?,N,0,?,N,?,N,?,N,?,N,?,N,?,N,?,N,?,N,?,N,?,N,?,N,?,N,?,N,?,N,?,N,?,N,?,N,?,N,?,N,?,N,?,N,?,N,?,N,?,N,?,N,?,N,?,N,?,N,?,N,?,N,?,N,?,N,?,N,?,N,?,N,?,Y,9/25/14,N,?,N,?,N,?,Y,1/11/19,N,?,N,?,N,?,N,?,N,?,N,?,1/11/19,N,N,N,N,N,N,N,Y,Y,Y,Y,Y,Y,N,Y,N,?,0,?,?,0,?,?,?,?,?,0,?,?,?,?,?,?,0,?,?,?,?,?,0,?,?,?,?,?,?,?,N,0,?,N,?,?,?,?,N,0,?,N,?,?,?,?,N,0,?,N,?,?,?,?,N,0,?,N,?,?,?,?,N,0,?,N,N,?,?,?,?,N,0,?,?,?,N,?,N,?,N,?,N,?,N,N,N,N,N,N
{2A05553C-68F3-4184-8555-3C68F37184C7},2041368046,CAFEF00D650200000000000159112942,152683859,7.60052E+15,512458967,525440234,512459018,525440285,59228,1 DAY (1 THEME PARK) AGES(10+) EXPIRES,DELTA,4/22/19,4/22/19,4/21/19,4/22/19,664901252,59228,1 DAY (1 THEME PARK) AGES(10+) EXPIRES,DELTA,664901339,4/22/19,4/22/19,G,0,2122255148,2041368046,N,N,N,MA,1730,USA,N,N,N,N,506,BOSTON (MANCHESTER),New England,Northeast,CORE,N,N,N,N,?,N,N,?,N,N,N,N,N,N,N,0,?,N,0,?,N,0,?,N,0,?,0,?,N,N,0,?,Y,6,4/23/19,N,?,N,?,N,?,N,?,N,?,Y,10/27/18,N,?,N,?,N,?,N,?,N,?,N,?,N,?,N,?,N,?,N,?,N,?,N,?,N,?,N,?,N,?,N,?,Y,10/14/17,N,?,N,?,N,?,N,?,N,?,N,?,N,?,Y,5/22/14,N,?,N,?,N,?,N,?,N,?,Y,4/15/18,N,?,N,?,Y,9/9/14,N,?,N,?,Y,4/16/18,N,?,N,?,Y,11/2/18,4/23/19,Y,Y,Y,Y,Y,Y,Y,Y,Y,Y,Y,Y,Y,Y,Y,N,?,0,?,?,0,?,?,?,?,?,0,?,?,?,?,?,?,0,?,?,?,5,Deluxe Villa,3,4,7,Deluxe Villa,?,?,?,?,N,0,?,N,?,?,?,?,N,0,?,N,?,?,?,?,Y,62,less_one_year,N,?,?,?,?,N,0,?,N,?,?,?,?,N,0,?,N,N,?,?,?,?,N,0,?,?,?,N,?,N,?,N,?,N,?,N,N,N,N,N,N
{7DBE2BB5-7E5D-4DA7-BF1E-F0F84A9564F4},3359744895,CAFEF00D650200000000000033288282,148390198,9.30071E+15,494062647,506843640,444374819,456659818,53337,1 DAY (1 THEME PARK) AGES(10+) EXPIRES,DELTA,11/9/18,11/9/18,10/28/17,11/9/18,651857504,53411,1 DAY (1 THEME PARK) AGES(10+) EXPIRES,DELTA,622369789,10/28/17,11/9/18,G,8.52,340974634,3359744895,N,N,N,OH,43004,USA,N,N,N,N,535,"COLUMBUS, OH",East North Central,Midwest,ADULTS,N,Y,N,N,?,N,N,?,N,N,N,N,N,N,N,0,?,N,0,?,N,0,?,N,0,?,0,?,N,N,0,?,N,0,?,N,?,N,?,N,?,N,?,N,?,N,?,N,?,N,?,N,?,N,?,N,?,N,?,N,?,N,?,N,?,N,?,N,?,N,?,N,?,N,?,N,?,N,?,N,?,N,?,N,?,N,?,N,?,N,?,N,?,N,?,N,?,N,?,N,?,N,?,N,?,N,?,N,?,N,?,N,?,Y,2/8/08,N,?,N,?,Y,11/9/18,N,?,N,?,Y,2/11/19,2/11/19,N,N,N,N,N,N,N,N,N,N,N,N,N,N,N,N,?,0,?,?,0,?,?,?,?,?,0,?,?,?,?,?,?,0,?,?,?,?,?,0,?,?,?,?,?,?,?,N,0,?,N,?,?,?,?,N,0,?,N,?,?,?,?,N,0,?,N,?,?,?,?,N,0,?,N,?,?,?,?,N,0,?,N,N,?,?,?,?,N,0,?,?,?,N,?,N,?,N,?,N,?,N,N,N,N,N,N
{65F396EE-153E-4231-8D69-87654065A80C},3004311851,CAFEF00D650200000000000046133483,150336687,9.30093E+15,503196819,516076905,496496986,509304004,53343,2 DAY (1 THEME PARK PER DAY) AGES(10+) EXPIRES,DELTA,2/26/19,3/1/19,2/25/19,1/28/19,658112201,53343,2 DAY (1 THEME PARK PER DAY) AGES(10+) EXPIRES,DELTA,653490602,11/30/18,1/28/19,G,2.45,2698555745,3004311851,N,N,N,,0,CRI,I,N,N,N,?,?,?,?,ADULTS,N,N,N,N,?,N,N,?,N,N,N,N,N,N,N,0,?,N,0,?,N,0,?,N,0,?,0,?,N,N,0,?,N,0,?,N,?,N,?,N,?,N,?,N,?,N,?,N,?,N,?,N,?,N,?,N,?,N,?,N,?,N,?,N,?,N,?,N,?,N,?,N,?,N,?,N,?,N,?,N,?,N,?,N,?,N,?,N,?,N,?,N,?,N,?,N,?,N,?,N,?,N,?,N,?,N,?,N,?,N,?,N,?,Y,11/30/16,N,?,N,?,N,?,N,?,N,?,N,?,11/30/16,Y,Y,Y,Y,Y,Y,Y,Y,Y,Y,Y,Y,Y,Y,Y,N,?,0,?,?,0,?,?,?,?,?,0,?,?,?,?,?,?,0,?,?,?,?,?,0,?,?,?,?,?,?,?,N,0,?,N,?,?,?,?,N,0,?,N,?,?,?,?,N,0,?,N,?,?,?,?,N,0,?,N,?,?,?,?,N,0,?,N,N,?,?,?,?,N,0,?,?,?,N,?,N,?,N,?,N,?,N,N,N,N,N,N
{14A9FDF3-3DED-4FCA-A9FD-F33DED6FCA43},3241824547,CAFEF00D650200000000000305857249,152897681,7.60033E+15,513242312,526445077,513030448,526231613,53343,2 DAY (1 THEME PARK PER DAY) AGES(10+) EXPIRES,DELTA,4/29/19,5/2/19,4/28/28,4/29/19,665321211,53632,2 DAY (1 THEME PARK PER DAY) AGES(10+) EXPIRES,DELTA,665170720,4/27/19,4/29/19,G,0,3241824546,3241824547,N,N,N,MI,48438,USA,N,N,N,N,513,FLINT-SAGINAW-BAY CITY,East North Central,Midwest,YOUNG ADULTS,N,N,N,N,?,N,N,?,N,N,N,N,N,N,N,0,?,N,0,?,N,0,?,N,0,?,0,?,N,N,0,?,Y,1,5/1/19,N,?,N,?,N,?,N,?,N,?,Y,3/1/19,N,?,N,?,N,?,N,?,N,?,N,?,N,?,N,?,N,?,N,?,N,?,N,?,N,?,N,?,N,?,N,?,Y,3/4/19,N,?,N,?,N,?,N,?,N,?,N,?,N,?,N,?,N,?,N,?,N,?,N,?,N,?,N,?,N,?,N,?,Y,3/18/14,N,?,N,?,N,?,N,?,N,?,Y,2/4/19,5/1/19,N,N,N,N,N,N,N,Y,Y,Y,Y,Y,Y,Y,Y,N,?,0,?,?,0,?,?,?,?,?,0,?,?,?,?,?,?,0,?,?,?,3,Moderate,1,5,3,Moderate,?,?,?,?,N,0,?,N,?,?,?,?,N,0,?,N,?,?,?,?,Y,54,less_one_year,N,?,?,?,?,N,0,?,N,?,?,?,?,N,0,?,N,N,?,?,?,?,N,0,?,?,?,N,?,N,?,N,?,N,?,N,N,N,N,N,N
{F8B2598F-2A65-456B-9F39-B5F7A20EF277},3337335031,CAFEF00D650200000000000357446076,150085362,9.30732E+15,502044231,514911917,501939922,514806490,53377,5 DAY PARK HOPPER PLUS AGES(10+) EXPIRES,DELTA,3/10/19,2/24/19,3/11/19,1/17/19,657322912,53377,5 DAY PARK HOPPER PLUS AGES(10+) EXPIRES,DELTA,657266290,1/16/19,1/17/19,G,0,3337335539,3337335031,N,N,N,MS,39437,USA,N,N,N,N,710,HATTIESBURG-LAUREL,East South Central,South,TWEEN,N,Y,N,N,?,N,N,?,N,N,N,N,N,N,N,0,?,N,0,?,N,0,?,N,0,?,0,?,N,N,0,?,Y,2,3/17/19,N,?,N,?,N,?,N,?,N,?,Y,2/24/19,N,?,N,?,N,?,N,?,N,?,N,?,N,?,N,?,N,?,N,?,N,?,N,?,N,?,N,?,N,?,N,?,N,?,N,?,N,?,N,?,N,?,N,?,N,?,N,?,N,?,N,?,N,?,N,?,N,?,N,?,N,?,N,?,N,?,Y,12/10/18,N,?,N,?,Y,3/14/19,N,?,N,?,N,?,3/17/19,N,N,N,N,N,N,N,N,N,N,N,N,N,N,N,N,?,0,?,?,0,?,?,?,?,?,0,?,?,?,?,?,?,0,?,?,?,7,Deluxe Villa,2,3,7,Deluxe Villa,?,?,?,?,N,0,?,N,?,?,?,?,N,0,?,N,?,?,?,?,Y,99,less_one_year,N,?,?,?,?,N,0,?,N,?,?,?,?,N,0,?,N,N,?,?,?,?,N,0,?,?,?,N,?,N,?,N,?,N,?,N,N,N,N,N,N
{2D67EECC-EBA6-498A-B7B1-2D11441B8CCB},3194425972,CAFEF00D650200000000000244070547,153593062,9.3095E+15,516508981,529944938,510472151,523484563,60641,4 DAY PARK HOPPER PLUS AGES(10+) EXPIRES,DELTA,6/1/19,6/8/19,6/2/19,5/30/19,667308125,60641,4 DAY PARK HOPPER PLUS AGES(10+) EXPIRES,DELTA,663311166,4/4/19,5/30/19,G,0,3194425971,3194425972,N,N,N,TX,77422,USA,N,N,N,N,618,HOUSTON,West South Central,South,ADULTS,N,N,N,N,?,N,N,?,N,N,N,N,N,N,N,0,?,N,0,?,N,0,?,N,0,?,0,?,N,N,0,?,N,0,?,N,?,N,?,N,?,N,?,N,?,N,?,N,?,N,?,N,?,N,?,N,?,N,?,N,?,N,?,N,?,N,?,N,?,N,?,N,?,N,?,N,?,N,?,N,?,N,?,N,?,N,?,N,?,N,?,Y,9/9/18,N,?,N,?,N,?,N,?,N,?,N,?,N,?,N,?,N,?,N,?,Y,8/21/18,N,?,N,?,N,?,N,?,N,?,Y,9/12/18,9/12/18,N,N,N,N,N,N,N,Y,Y,Y,Y,Y,Y,N,Y,Y,?,0,?,?,0,?,?,?,?,?,0,?,?,?,?,?,?,0,?,?,?,?,?,0,?,?,?,?,?,?,?,N,0,?,N,?,?,?,?,N,0,?,N,?,?,?,?,N,0,?,N,?,?,?,?,N,0,?,N,?,?,?,?,N,0,?,N,N,?,?,?,?,N,0,?,?,?,N,?,N,?,N,?,N,?,N,N,N,N,N,N
{B47A6AA0-ACE2-4CC7-82F6-23A8992E4179},2973484060,CAFEF00D650200000000000057511097,153906080,9.30711E+15,517882151,531334189,517222754,530666838,59228,1 DAY (1 THEME PARK) AGES(10+) EXPIRES,DELTA,6/15/19,6/15/19,6/14/19,6/13/19,668173405,59228,1 DAY (1 THEME PARK) AGES(10+) EXPIRES,DELTA,667685798,6/6/19,6/13/19,G,0,2973484059,2973484060,N,N,N,MD,20747,USA,N,N,N,N,511,"WASHINGTON, DC (HAGRSTWN)",South Atlantic,South,ADULTS,N,N,N,N,?,N,N,?,N,N,N,N,N,N,N,0,?,N,0,?,N,0,?,N,0,?,0,?,N,N,0,?,N,0,?,N,?,N,?,N,?,N,?,N,?,N,?,N,?,N,?,N,?,N,?,N,?,N,?,N,?,N,?,N,?,N,?,N,?,N,?,N,?,N,?,N,?,N,?,Y,2/6/18,N,?,N,?,N,?,N,?,N,?,N,?,N,?,N,?,N,?,N,?,N,?,N,?,N,?,N,?,N,?,N,?,Y,10/22/17,N,?,N,?,N,?,N,?,N,?,N,?,2/6/18,N,N,N,N,N,N,N,N,N,N,N,N,N,N,N,N,?,0,?,?,0,?,?,?,?,?,0,?,?,?,?,?,?,0,?,?,?,?,?,0,?,?,?,?,?,?,?,N,0,?,N,?,?,?,?,N,0,?,N,?,?,?,?,N,0,?,N,?,?,?,?,N,0,?,N,?,?,?,?,N,0,?,N,N,?,?,?,?,N,0,?,?,?,N,?,N,?,N,?,N,?,N,N,N,N,N,N
{51C9A881-D444-45FF-89A8-81D444F5FF0A},1671141418,CAFEF00D650200000000000013487355,149709077,9.30063E+15,500437043,513288246,500450047,513301250,53367,4 DAY (1 THEME PARK PER DAY) AGES(10+) EXPIRES,DELTA,1/9/19,1/15/19,1/12/19,1/3/19,656111139,53367,4 DAY (1 THEME PARK PER DAY) AGES(10+) EXPIRES,DELTA,656126400,1/3/19,1/3/19,G,9.2,1671141417,1671141418,N,N,N,SP,01425-011,BRA,I,N,N,N,?,?,?,?,SENIORS,N,N,N,N,?,N,N,?,N,N,N,N,N,N,N,0,?,N,0,?,N,0,?,N,0,?,0,?,N,N,0,?,Y,3,1/15/19,N,?,N,?,N,?,N,?,N,?,Y,12/18/18,N,?,N,?,N,?,N,?,N,?,N,?,N,?,N,?,N,?,N,?,N,?,N,?,N,?,N,?,N,?,N,?,N,?,N,?,N,?,N,?,N,?,N,?,N,?,N,?,N,?,N,?,N,?,N,?,N,?,N,?,Y,1/6/15,N,?,N,?,Y,7/9/12,N,?,N,?,Y,1/10/19,N,?,N,?,N,?,1/15/19,Y,Y,Y,Y,Y,Y,Y,Y,Y,Y,Y,Y,Y,Y,Y,N,?,0,?,?,0,?,?,?,?,?,0,?,?,?,?,?,?,0,?,?,?,7,Deluxe,1,1,7,Deluxe,?,?,?,?,N,0,?,N,?,?,?,?,N,0,?,N,?,?,?,?,Y,160,less_one_year,N,?,?,?,?,N,0,?,N,?,?,?,?,N,0,?,N,N,?,?,?,?,N,0,?,?,?,N,?,N,?,N,?,N,?,N,N,N,N,N,N
{AF842473-DDE0-4551-AF1E-3458164600A7},3277833729,CAFEF00D650200000000000313238909,152658232,9.30811E+15,512291288,525271093,494219931,507002282,59268,6 DAY (1 THEME PARK PER DAY) AGES(10+) EXPIRES,DELTA,11/10/19,11/18/19,11/11/19,4/20/19,664706190,54337,6 DAY (1 THEME PARK PER DAY) AGES(10+) EXPIRES,DELTA,651902941,11/10/18,4/20/19,G,32.73,3277833728,3277833729,N,N,N,DE,19709,USA,N,N,N,N,504,PHILADELPHIA,Mid-Atlantic,Northeast,ADULTS,N,N,N,N,?,N,N,?,N,N,N,N,N,N,N,0,?,N,0,?,N,0,?,N,0,?,0,?,N,N,0,?,N,0,?,N,?,N,?,N,?,N,?,N,?,N,?,N,?,N,?,N,?,N,?,N,?,N,?,N,?,N,?,N,?,N,?,N,?,N,?,N,?,N,?,N,?,N,?,N,?,N,?,N,?,N,?,N,?,N,?,N,?,N,?,N,?,N,?,N,?,N,?,N,?,N,?,N,?,N,?,N,?,Y,7/18/11,N,?,N,?,N,?,N,?,N,?,Y,11/11/18,11/11/18,N,N,N,N,N,N,N,Y,Y,Y,Y,Y,Y,Y,Y,N,?,0,?,?,0,?,?,?,?,?,0,?,?,?,?,?,?,0,?,?,?,?,?,0,?,?,?,?,?,?,?,N,0,?,N,?,?,?,?,N,0,?,N,?,?,?,?,N,0,?,N,?,?,?,?,N,0,?,N,?,?,?,?,N,0,?,N,N,?,?,?,?,N,0,?,?,?,N,?,N,?,N,?,N,?,Y,N,N,N,N,N
{9E403BC8-6236-496F-803B-C86236C96F0B},1851704848,CAFEF00D650200000000000072543967,149654150,8.60201E+15,500153767,513002953,497430630,510249587,53343,2 DAY (1 THEME PARK PER DAY) AGES(10+) EXPIRES,DELTA,1/6/19,1/9/19,1/9/19,1/1/19,655889577,53343,2 DAY (1 THEME PARK PER DAY) AGES(10+) EXPIRES,DELTA,654127863,12/9/18,1/1/19,G,0,1851704847,1851704848,N,N,N,IL,60067,USA,N,N,N,N,602,CHICAGO,East North Central,Midwest,ADULTS,N,N,N,N,?,N,N,?,N,N,N,N,N,N,N,0,?,N,0,?,N,0,?,N,0,?,0,?,N,N,0,?,N,0,?,N,?,N,?,N,?,N,?,N,?,N,?,N,?,N,?,N,?,N,?,N,?,N,?,N,?,N,?,N,?,N,?,N,?,N,?,N,?,N,?,N,?,N,?,N,?,N,?,N,?,N,?,N,?,N,?,N,?,N,?,N,?,N,?,N,?,N,?,N,?,N,?,N,?,N,?,N,?,Y,4/25/13,N,?,N,?,N,?,N,?,N,?,Y,4/22/18,4/22/18,Y,Y,Y,Y,Y,Y,Y,Y,Y,Y,Y,Y,Y,Y,Y,N,?,0,?,?,0,?,?,?,?,?,0,?,?,?,?,?,?,0,?,?,?,?,?,0,?,?,?,?,?,?,?,N,0,?,N,?,?,?,?,N,0,?,N,?,?,?,?,N,0,?,N,?,?,?,?,N,0,?,N,?,?,?,?,N,0,?,N,N,?,?,?,?,N,0,?,?,?,N,?,N,?,N,?,N,?,Y,N,N,N,N,N
{CD84722B-EB65-4722-9094-9B7DE85E0594},3339810348,CAFEF00D650200000000000116845055,150154522,7.30322E+15,502393682,515264902,502395542,515266762,53343,2 DAY (1 THEME PARK PER DAY) AGES(10+) EXPIRES,DELTA,1/20/19,1/23/19,1/21/19,1/20/19,657546327,53343,2 DAY (1 THEME PARK PER DAY) AGES(10+) EXPIRES,DELTA,657549872,1/20/19,1/20/19,G,6.37,2760967726,3339810348,N,N,N,NC,27203,USA,N,N,N,N,518,GREENSBORO-H.POINT-W.SALEM,South Atlantic,South,ADULTS,N,N,N,N,?,N,N,?,N,N,N,N,N,N,N,0,?,N,0,?,N,0,?,N,0,?,0,?,N,N,0,?,N,0,?,N,?,N,?,N,?,N,?,N,?,N,?,N,?,N,?,N,?,N,?,N,?,N,?,N,?,N,?,N,?,N,?,N,?,N,?,N,?,N,?,N,?,N,?,N,?,N,?,N,?,N,?,N,?,N,?,N,?,N,?,N,?,N,?,N,?,N,?,N,?,N,?,N,?,N,?,N,?,Y,7/27/11,N,?,N,?,Y,1/21/19,N,?,N,?,Y,1/29/19,1/29/19,Y,Y,Y,Y,Y,Y,Y,Y,Y,Y,Y,Y,Y,Y,Y,N,?,0,?,?,0,?,?,?,?,?,0,?,?,?,?,?,?,0,?,?,?,?,?,0,?,?,?,?,?,?,?,N,0,?,N,?,?,?,?,N,0,?,N,?,?,?,?,N,0,?,N,?,?,?,?,N,0,?,N,?,?,?,?,N,0,?,N,N,?,?,?,?,N,0,?,?,?,N,?,N,?,N,?,N,?,N,N,N,N,N,N
{675F3ACD-7692-48C2-8691-9DEEFE04588E},3043159372,CAFEF00D650200000000000308598598,151585300,7.60432E+15,508479027,521417062,505715316,518623321,61433,3 DAY PARK HOPPER AGES(10+) EXPIRES,DELTA,3/18/19,3/22/19,3/20/19,3/18/19,661879887,53349,3 DAY (1 THEME PARK PER DAY) AGES(10+) EXPIRES,DELTA,659921826,2/21/19,3/18/19,G,121.13,3369646245,3043159372,N,N,N,NY,10024,USA,N,N,N,N,501,NEW YORK,Mid-Atlantic,Northeast,SENIORS,N,N,N,N,?,N,N,?,N,N,N,N,N,N,N,0,?,N,0,?,N,0,?,N,0,?,0,?,N,N,0,?,Y,5,8/19/18,N,?,N,?,N,?,N,?,N,?,Y,3/5/18,N,?,N,?,N,?,N,?,N,?,N,?,N,?,N,?,N,?,N,?,N,?,N,?,N,?,N,?,N,?,N,?,N,?,N,?,N,?,N,?,N,?,N,?,N,?,N,?,N,?,N,?,N,?,N,?,N,?,N,?,Y,8/15/18,N,?,N,?,Y,7/5/17,N,?,N,?,Y,8/17/18,N,?,N,?,Y,8/19/18,8/19/18,N,N,N,N,N,N,N,Y,Y,Y,Y,Y,Y,Y,Y,N,?,0,?,?,0,?,?,?,?,?,0,?,?,?,?,?,?,0,?,?,?,7,Deluxe Villa,3,8,7,Deluxe Villa,?,?,?,?,N,0,?,N,?,?,?,?,N,0,?,N,?,?,?,?,Y,309,less_one_year,N,?,?,?,?,N,0,?,N,?,?,?,?,N,0,?,N,N,?,?,?,?,N,0,?,?,?,N,?,N,?,N,?,N,?,N,N,N,N,N,N
{560037EF-D097-477E-B281-5EC3BB3A8BDD},367900180,CAFEF00D650200000000000149222373,151970233,9.30032E+15,509834544,522787208,507444333,520371153,59245,3 DAY PARK HOPPER AGES(10+) EXPIRES,DELTA,4/25/19,4/29/19,4/26/19,3/29/19,662752478,53345,2 DAY PARK HOPPER AGES(10+) EXPIRES,DELTA,661082536,3/9/19,3/29/19,G,157.89,1261300153,367900180,N,N,N,WI,53911,USA,N,N,N,N,669,MADISON,East North Central,Midwest,YOUNG ADULTS,N,N,N,N,?,N,N,?,N,N,N,N,N,N,N,0,?,N,0,?,N,0,?,N,0,?,0,?,N,N,0,?,Y,3,10/18/18,N,?,N,?,N,?,N,?,N,?,Y,6/5/19,N,?,N,?,N,?,N,?,N,?,N,?,Y,11/15/19,N,?,N,?,N,?,N,?,N,?,N,?,N,?,N,?,N,?,Y,6/21/19,N,?,N,?,N,?,Y,3/2/11,N,?,N,?,N,?,N,?,Y,3/2/11,Y,3/2/11,N,?,N,?,N,?,Y,10/1/12,N,?,Y,9/22/11,Y,5/21/10,N,?,N,?,Y,10/18/18,N,?,N,?,Y,10/21/18,6/21/19,Y,Y,Y,Y,Y,Y,Y,Y,Y,Y,Y,Y,Y,Y,Y,N,?,0,?,?,0,?,?,?,?,?,0,?,?,?,?,?,?,0,?,?,?,2,Value,1,10,6,Moderate,?,?,?,?,N,0,?,N,?,?,?,?,N,0,?,N,Maximize,144,3_TO_6_MONTHS,11,Y,249,less_one_year,N,?,?,?,?,N,0,?,N,?,?,?,?,N,0,?,N,N,?,?,?,?,N,0,?,?,?,N,?,N,?,N,?,Y,3,N,N,N,N,N,N
{59E40C56-3A3B-4366-B91C-FF81421BEC7E},104663842,CAFEF00D650200000000000350817640,149719001,9.30772E+15,500451327,513302530,498582067,511415921,53381,6 DAY PARK HOPPER AGES(10+) EXPIRES,DELTA,1/31/19,1/23/19,2/1/19,1/3/19,656127898,53381,6 DAY PARK HOPPER AGES(10+) EXPIRES,DELTA,654871547,12/20/18,1/3/19,G,0,833032970,104663842,N,N,N,AK,99835,USA,N,N,N,N,747,JUNEAU,Pacific,West,SENIORS,N,N,N,N,?,N,N,?,N,N,N,N,N,N,N,0,?,N,0,?,N,0,?,N,0,?,0,?,N,N,0,?,Y,1,12/18/08,N,?,N,?,N,?,N,?,N,?,Y,6/26/08,N,?,N,?,N,?,N,?,N,?,N,?,N,?,N,?,N,?,N,?,N,?,N,?,N,?,N,?,N,?,N,?,N,?,N,?,N,?,N,?,N,?,N,?,N,?,N,?,N,?,Y,11/25/07,Y,11/25/07,N,?,N,?,N,?,N,?,N,?,N,?,Y,11/26/07,N,?,N,?,N,?,N,?,N,?,N,?,12/18/08,N,N,N,N,N,N,N,Y,Y,Y,Y,Y,Y,Y,Y,N,?,0,?,?,0,?,?,?,?,?,0,?,?,?,?,?,?,0,?,?,?,?,?,0,?,7,Value,?,?,?,?,N,0,?,N,?,?,?,?,N,0,?,N,?,?,?,?,Y,3840,4+_years,N,?,?,?,?,N,0,?,N,?,?,?,?,N,0,?,N,N,?,?,?,?,N,0,?,?,?,N,?,N,?,N,?,N,?,N,N,N,N,N,N
{66567794-28B4-48B7-82A6-4C6B3816FD0A},1129932380,CAFEF00D650200000000000362078329,150556714,9.3006E+15,504119489,517010446,503858342,516745879,53343,2 DAY (1 THEME PARK PER DAY) AGES(10+) EXPIRES,DELTA,2/7/19,2/10/19,2/10/19,2/7/19,658810066,53337,1 DAY (1 THEME PARK) AGES(10+) EXPIRES,DELTA,658568279,2/4/19,2/7/19,G,99.54,1129932379,1129932380,N,N,N,PR,603,PRI,I,N,N,N,?,?,?,?,ADULTS,N,N,N,N,?,N,N,?,N,N,N,N,N,N,N,0,?,N,0,?,N,0,?,N,0,?,0,?,N,N,0,?,N,0,?,N,?,N,?,N,?,N,?,N,?,N,?,N,?,N,?,N,?,N,?,N,?,N,?,N,?,N,?,N,?,N,?,N,?,N,?,N,?,N,?,N,?,N,?,N,?,N,?,N,?,N,?,N,?,N,?,N,?,N,?,N,?,N,?,N,?,N,?,N,?,N,?,N,?,N,?,N,?,Y,10/11/09,N,?,N,?,Y,2/10/19,N,?,N,?,N,?,2/10/19,Y,Y,Y,Y,Y,Y,Y,N,N,N,N,N,N,N,N,N,?,0,?,?,0,?,?,?,?,?,0,?,?,?,?,?,?,0,?,?,?,?,?,0,?,?,?,?,?,?,?,N,0,?,N,?,?,?,?,N,0,?,N,?,?,?,?,N,0,?,N,?,?,?,?,N,0,?,N,?,?,?,?,N,0,?,N,N,?,?,?,?,N,0,?,?,?,N,?,N,?,N,?,N,?,N,N,N,N,N,N
{127762C5-932C-45D8-B762-C5932C95D889},860280102,CAFEF00D650200000000000042319678,152689061,7.60242E+15,512464404,525445671,511370139,524339142,59235,2 DAY (1 THEME PARK PER DAY) AGES(10+) EXPIRES,DELTA,4/27/19,4/30/19,4/28/19,4/22/19,664900069,59228,1 DAY (1 THEME PARK) AGES(10+) EXPIRES,DELTA,664122108,4/12/19,4/22/19,G,125.17,2037161155,860280102,N,N,N,SC,29420,USA,N,N,N,N,519,"CHARLESTON, SC",South Atlantic,South,PREK,N,Y,N,N,?,N,N,?,N,N,N,N,N,N,N,0,?,N,0,?,N,0,?,Y,1,5/3/19,0,?,N,N,0,?,Y,4,4/29/19,N,?,N,?,N,?,Y,10/30/18,N,?,Y,3/23/19,N,?,N,?,N,?,N,?,N,?,N,?,N,?,N,?,N,?,N,?,N,?,N,?,Y,10/25/18,N,?,N,?,N,?,Y,3/24/19,N,?,N,?,Y,8/20/18,N,?,N,?,N,?,N,?,Y,11/30/18,Y,5/19/14,Y,5/19/14,N,?,N,?,N,?,Y,11/19/16,N,?,Y,11/16/16,Y,5/18/14,N,?,N,?,Y,10/21/18,N,?,N,?,Y,12/4/18,5/3/19,Y,Y,Y,Y,Y,Y,Y,Y,Y,Y,Y,Y,Y,Y,Y,N,?,0,?,?,0,?,?,Deluxe Oceanview Stateroom with Verandah,4,Canavaral,1,Bahamian,4,Deluxe Oceanview Stateroom with Verandah,SILVER,?,?,0,?,?,?,3,Deluxe,2,10,4,Deluxe,?,?,?,?,N,0,?,N,?,?,?,?,N,0,?,N,?,?,?,?,Y,56,less_one_year,N,?,?,?,?,Y,52,less_one_year,N,?,?,?,?,N,0,?,N,N,?,?,?,?,N,0,?,?,?,N,?,N,?,N,?,N,?,N,N,N,N,N,N
{CEEE6A4F-3EEA-4223-9570-0E13E9A51ADE},3350371325,CAFEF00D650200000000000361261024,150386324,7.30223E+15,503454994,516338587,503454992,516338585,53339,1 DAY PARK HOPPER AGES(10+) EXPIRES,DELTA,2/1/19,2/1/19,1/31/19,1/31/19,658338180,53339,1 DAY PARK HOPPER AGES(10+) EXPIRES,DELTA,658338174,1/31/19,1/31/19,G,5.33,3350371324,3350371325,N,N,N,CH,8420511,CHL,I,N,N,N,?,?,?,?,ADULTS,N,N,N,N,?,N,N,?,N,N,N,N,N,N,N,0,?,N,0,?,N,0,?,N,0,?,0,?,N,N,0,?,N,0,?,N,?,N,?,N,?,N,?,N,?,N,?,N,?,N,?,N,?,N,?,N,?,N,?,N,?,N,?,N,?,N,?,N,?,N,?,N,?,N,?,N,?,N,?,N,?,N,?,N,?,N,?,N,?,N,?,N,?,N,?,N,?,N,?,N,?,N,?,N,?,N,?,N,?,N,?,N,?,Y,2/1/19,N,?,N,?,N,?,N,?,N,?,N,?,2/1/19,Y,Y,Y,Y,Y,Y,Y,Y,Y,Y,Y,Y,Y,Y,Y,N,?,0,?,?,0,?,?,?,?,?,0,?,?,?,?,?,?,0,?,?,?,?,?,0,?,?,?,?,?,?,?,N,0,?,N,?,?,?,?,N,0,?,N,?,?,?,?,N,0,?,N,?,?,?,?,N,0,?,N,?,?,?,?,N,0,?,N,N,?,?,?,?,N,0,?,?,?,N,?,N,?,N,?,N,?,N,N,N,N,N,N
{628EDBE8-AEE2-43DD-BBCE-0ED055757E0C},3275434049,CAFEF00D650200000000000312875620,150645072,9.30371E+15,504560396,517455783,494088461,506869454,54109,2 DAY (1 THEME PARK PER DAY) AGES(10+) EXPIRES,DELTA,2/11/19,2/14/19,2/10/19,2/11/19,659160364,54169,2 DAY (1 PARK PER DAY) EXCH AGES(10+) EXPIRES,DELTA,651820863,11/9/18,2/11/19,G,0,3275434048,3275434049,N,N,N,CO,,ARG,I,N,N,N,?,?,?,?,YOUNG ADULTS,N,N,N,N,?,N,N,?,N,N,N,N,N,N,N,0,?,N,0,?,N,0,?,N,0,?,0,?,N,N,0,?,N,0,?,N,?,N,?,N,?,N,?,N,?,N,?,N,?,N,?,N,?,N,?,N,?,N,?,N,?,N,?,N,?,N,?,N,?,N,?,N,?,N,?,N,?,N,?,N,?,N,?,N,?,N,?,N,?,N,?,N,?,N,?,N,?,N,?,N,?,N,?,N,?,N,?,N,?,N,?,N,?,Y,11/9/18,N,?,N,?,N,?,N,?,N,?,N,?,11/9/18,Y,Y,Y,Y,Y,Y,Y,Y,Y,Y,Y,Y,Y,Y,Y,N,?,0,?,?,0,?,?,?,?,?,0,?,?,?,?,?,?,0,?,?,?,?,?,0,?,?,?,?,?,?,?,N,0,?,N,?,?,?,?,N,0,?,N,?,?,?,?,N,0,?,N,?,?,?,?,N,0,?,N,?,?,?,?,N,0,?,N,N,?,?,?,?,N,0,?,?,?,N,?,N,?,N,?,N,?,N,N,N,N,N,N
{6FB6AA60-2AE7-4D55-B6AA-602AE78D554D},480274616,CAFEF00D650200000000000205544676,151742904,7.60173E+15,508997929,521941469,508491904,521429939,59235,2 DAY (1 THEME PARK PER DAY) AGES(10+) EXPIRES,DELTA,7/21/19,7/24/19,7/24/19,3/22/19,662193418,53417,2 DAY (1 THEME PARK PER DAY) AGES(10+) EXPIRES,DELTA,661832624,3/18/19,3/22/19,G,16.1,2237837509,480274616,Y,N,N,TN,37179,USA,N,N,N,N,659,NASHVILLE,East South Central,South,TWEEN,N,N,N,N,?,N,N,?,N,N,N,N,N,N,N,0,?,N,0,?,N,0,?,N,0,?,0,?,N,N,0,?,Y,2,7/22/17,N,?,N,?,N,?,N,?,N,?,Y,3/22/19,N,?,N,?,N,?,N,?,N,?,N,?,Y,7/20/19,N,?,N,?,N,?,N,?,N,?,N,?,N,?,N,?,N,?,N,?,N,?,N,?,N,?,N,?,N,?,N,?,N,?,N,?,N,?,N,?,N,?,N,?,N,?,N,?,N,?,N,?,Y,3/5/15,N,?,N,?,Y,7/26/17,N,?,N,?,N,?,3/22/19,Y,Y,Y,Y,Y,Y,Y,Y,Y,Y,Y,Y,Y,Y,Y,Y,?,0,?,?,0,?,?,?,?,?,0,?,?,?,?,?,?,0,?,?,?,1,Moderate,1,7,3,Moderate,?,?,?,?,N,0,?,N,?,?,?,?,N,0,?,N,Maximize,26,2_TO_4_WEEKS,7,Y,702,1_year,N,?,?,?,?,N,0,?,N,?,?,?,?,N,0,?,N,N,?,?,?,?,N,0,?,?,?,N,?,N,?,N,?,N,?,Y,N,N,N,N,N
{E53E2529-9CDB-4F99-9DDB-586EE7A0DB89},3362509275,CAFEF00D650200000000000007672913,151210795,9.30951E+15,506961875,519883741,504792789,517690870,54109,2 DAY (1 THEME PARK PER DAY) AGES(10+) EXPIRES,DELTA,3/5/19,3/8/19,3/4/19,3/5/19,660802605,54169,2 DAY (1 PARK PER DAY) EXCH AGES(10+) EXPIRES,DELTA,659325126,2/13/19,3/5/19,G,0,2460654685,3362509275,N,N,N,,172-1044,CHL,I,N,N,N,?,?,?,?,YOUNG ADULTS,N,N,N,N,?,N,N,?,N,N,N,N,N,N,N,0,?,N,0,?,N,0,?,N,0,?,0,?,N,N,0,?,N,0,?,N,?,N,?,N,?,N,?,N,?,N,?,N,?,N,?,N,?,N,?,N,?,N,?,N,?,N,?,N,?,N,?,N,?,N,?,N,?,N,?,N,?,N,?,N,?,N,?,N,?,N,?,N,?,N,?,N,?,N,?,N,?,N,?,N,?,N,?,N,?,N,?,N,?,N,?,N,?,Y,2/21/16,N,?,N,?,Y,3/2/16,N,?,N,?,N,?,3/2/16,Y,Y,Y,Y,Y,Y,Y,Y,Y,Y,Y,Y,Y,Y,Y,N,?,0,?,?,0,?,?,?,?,?,0,?,?,?,?,?,?,0,?,?,?,?,?,0,?,?,?,?,?,?,?,N,0,?,N,?,?,?,?,N,0,?,N,?,?,?,?,N,0,?,N,?,?,?,?,N,0,?,N,?,?,?,?,N,0,?,N,N,?,?,?,?,N,0,?,?,?,N,?,N,?,N,?,N,?,N,N,N,N,N,N
{B5D4E18F-4440-4A7B-B1E6-460957B1638C},333623015,CAFEF00D650200000000000349869978,149664677,9.30282E+15,500270094,513120036,498063381,510890163,53485,4 DAY PARK HOPPER PLUS FL AGES(10+) EXPIRES,DELTA,1/3/19,1/10/19,1/2/19,1/2/19,656016495,53543,4 DAY PARK HOPPER PLUS FL EXCH AGES(10+) EXPIRES,DELTA,654526686,12/15/18,1/2/19,G,0,3308962258,333623015,N,N,N,FL,33140,USA,N,N,Y,N,528,MIAMI-FT. LAUDERDALE,South Atlantic,Florida,SENIORS,N,N,N,N,?,N,N,?,N,N,N,N,N,N,N,0,?,N,0,?,N,0,?,N,0,?,0,?,N,N,0,?,Y,2,1/6/19,N,?,N,?,N,?,N,?,N,?,Y,10/31/18,N,?,N,?,N,?,N,?,N,?,N,?,N,?,N,?,N,?,N,?,N,?,N,?,N,?,N,?,N,?,N,?,N,?,N,?,N,?,N,?,N,?,N,?,N,?,N,?,N,?,N,?,N,?,N,?,N,?,N,?,N,?,N,?,N,?,Y,12/15/18,N,?,N,?,Y,1/3/19,N,?,N,?,N,?,1/6/19,N,N,N,N,N,N,N,Y,Y,Y,Y,Y,Y,Y,Y,N,?,0,?,?,0,?,?,?,?,?,0,?,?,?,?,?,?,0,?,?,?,4,Deluxe Villa,1,1,4,Deluxe Villa,?,?,?,?,N,0,?,N,?,?,?,?,N,0,?,N,?,?,?,?,Y,169,less_one_year,N,?,?,?,?,N,0,?,N,?,?,?,?,N,0,?,N,N,?,?,?,?,N,0,?,?,?,N,?,N,?,N,?,N,?,N,N,N,N,N,N
{5498435D-4C24-4FCE-9C1A-88AD8CB5901E},3259335345,CAFEF00D650200000000000309983747,148113883,9.30692E+15,492518111,505279594,492291015,505049895,53337,1 DAY (1 THEME PARK) AGES(10+) EXPIRES,DELTA,10/30/18,10/30/18,10/29/18,10/26/18,650824177,53337,1 DAY (1 THEME PARK) AGES(10+) EXPIRES,DELTA,650702887,10/24/18,10/26/18,G,0,3259335344,3259335345,N,N,N,TX,77449,USA,N,N,N,N,618,HOUSTON,West South Central,South,ADULTS,N,N,N,N,?,N,N,?,N,N,N,N,N,N,N,0,?,N,0,?,N,0,?,N,0,?,0,?,N,N,0,?,N,0,?,N,?,N,?,N,?,N,?,N,?,N,?,N,?,N,?,N,?,N,?,N,?,N,?,N,?,N,?,N,?,N,?,N,?,N,?,N,?,N,?,N,?,N,?,N,?,N,?,N,?,N,?,N,?,N,?,N,?,N,?,N,?,N,?,N,?,N,?,N,?,N,?,N,?,N,?,N,?,Y,1/25/16,N,?,N,?,Y,10/30/18,N,?,N,?,Y,2/6/19,2/6/19,Y,Y,Y,Y,Y,Y,Y,N,N,N,N,N,N,N,N,N,?,0,?,?,0,?,?,?,?,?,0,?,?,?,?,?,?,0,?,?,?,?,?,0,?,?,?,?,?,?,?,N,0,?,N,?,?,?,?,N,0,?,N,?,?,?,?,N,0,?,N,?,?,?,?,N,0,?,N,?,?,?,?,N,0,?,N,N,?,?,?,?,N,0,?,?,?,N,?,N,?,N,?,N,?,N,N,N,N,N,N
{5FF1C838-A433-440D-9342-C10514687DBB},1652353670,CAFEF00D650200000000000084536128,150314447,9.3002E+15,503167733,516047819,503009020,515887495,53343,2 DAY (1 THEME PARK PER DAY) AGES(10+) EXPIRES,DELTA,1/30/19,1/29/19,1/28/19,1/31/19,658132615,53343,2 DAY (1 THEME PARK PER DAY) AGES(10+) EXPIRES,DELTA,657965290,1/26/19,1/28/19,G,4.9,1652353669,1652353670,N,N,N,MI,48021,USA,N,N,N,N,505,DETROIT,East North Central,Midwest,ADULTS,N,N,N,N,?,N,N,?,N,N,N,N,N,N,N,0,?,N,0,?,N,0,?,N,0,?,0,?,N,N,0,?,N,0,?,N,?,N,?,N,?,N,?,N,?,N,?,N,?,N,?,N,?,N,?,N,?,N,?,N,?,N,?,N,?,N,?,N,?,N,?,N,?,N,?,N,?,N,?,N,?,N,?,N,?,N,?,N,?,N,?,N,?,N,?,N,?,N,?,N,?,N,?,N,?,N,?,N,?,N,?,N,?,Y,1/16/10,N,?,N,?,Y,2/5/19,N,?,N,?,Y,4/18/18,2/5/19,Y,Y,Y,Y,Y,Y,Y,Y,Y,Y,Y,Y,Y,Y,Y,N,?,0,?,?,0,?,?,?,?,?,0,?,?,?,?,?,?,0,?,?,?,?,?,0,?,?,?,?,?,?,?,N,0,?,N,?,?,?,?,N,0,?,N,?,?,?,?,N,0,?,N,?,?,?,?,N,0,?,N,?,?,?,?,N,0,?,N,N,?,?,?,?,N,0,?,?,?,N,?,N,?,N,?,N,?,N,N,N,N,N,N
{82C08CAA-E7BC-40F0-B311-39AB15B1132C},3355435306,CAFEF00D650200000000000311908472,148500236,9.3025E+15,494640638,507428247,493513915,506287929,53337,1 DAY (1 THEME PARK) AGES(10+) EXPIRES,DELTA,11/18/18,11/18/18,11/17/18,11/14/18,652301960,53337,1 DAY (1 THEME PARK) AGES(10+) EXPIRES,DELTA,651463697,11/4/18,11/14/18,G,0,3270138907,3355435306,N,N,N,PA,15224,USA,N,N,N,N,508,PITTSBURGH,Mid-Atlantic,Northeast,YOUNG ADULTS,N,N,N,N,?,N,N,?,N,N,N,N,N,N,N,0,?,N,0,?,N,0,?,N,0,?,0,?,N,N,0,?,N,0,?,N,?,N,?,N,?,N,?,N,?,N,?,N,?,N,?,N,?,N,?,N,?,N,?,N,?,N,?,N,?,N,?,N,?,N,?,N,?,N,?,N,?,N,?,N,?,N,?,N,?,N,?,N,?,N,?,N,?,N,?,N,?,N,?,N,?,N,?,N,?,N,?,N,?,N,?,N,?,Y,11/5/18,N,?,N,?,N,?,N,?,N,?,Y,11/5/18,11/5/18,N,N,N,N,N,N,N,Y,Y,Y,Y,Y,Y,Y,Y,N,?,0,?,?,0,?,?,?,?,?,0,?,?,?,?,?,?,0,?,?,?,?,?,0,?,?,?,?,?,?,?,N,0,?,N,?,?,?,?,N,0,?,N,?,?,?,?,N,0,?,N,?,?,?,?,N,0,?,N,?,?,?,?,N,0,?,N,N,?,?,?,?,N,0,?,?,?,N,?,N,?,N,?,N,?,N,N,N,N,N,N
{89DFC0AA-0EAE-45CA-AE99-4AF5E4C5A460},3371037033,CAFEF00D650200000000000122774028,151215281,9.30041E+15,506968491,519890357,503781785,516668588,53337,1 DAY (1 THEME PARK) AGES(10+) EXPIRES,DELTA,3/6/19,3/6/19,3/4/19,3/5/19,660805429,53337,1 DAY (1 THEME PARK) AGES(10+) EXPIRES,DELTA,658501845,2/3/19,3/5/19,G,0,456104839,3371037033,N,N,N,NC,28027,USA,N,N,N,N,517,CHARLOTTE,South Atlantic,South,YOUNG ADULTS,N,N,N,N,?,N,N,?,N,N,N,N,N,N,N,0,?,N,0,?,N,0,?,N,0,?,0,?,N,N,0,?,N,0,?,N,?,N,?,N,?,N,?,N,?,N,?,N,?,N,?,N,?,N,?,N,?,N,?,N,?,N,?,N,?,N,?,N,?,N,?,N,?,N,?,N,?,N,?,N,?,N,?,N,?,N,?,N,?,N,?,Y,8/4/08,N,?,N,?,Y,5/26/17,Y,5/26/17,N,?,N,?,N,?,N,?,N,?,N,?,Y,1/2/08,N,?,N,?,N,?,N,?,N,?,Y,8/1/17,8/1/17,N,N,N,N,N,N,N,Y,Y,Y,Y,Y,Y,Y,Y,N,?,0,?,?,0,?,?,?,?,?,0,?,?,?,?,?,?,0,?,?,?,?,?,0,?,?,?,?,?,?,?,N,0,?,N,?,?,?,?,N,0,?,N,?,?,?,?,N,0,?,N,?,?,?,?,N,0,?,N,?,?,?,?,N,0,?,N,N,?,?,?,?,N,0,?,?,?,N,?,N,?,N,?,N,?,N,N,N,N,N,N
{87A57777-5C9D-4A41-96C1-EC5139564ADF},388198326,CAFEF00D650200000000000353933319,152036416,9.30223E+15,510164043,523119825,506343345,519258707,59228,1 DAY (1 THEME PARK) AGES(10+) EXPIRES,DELTA,4/3/19,4/3/19,4/5/19,4/1/19,662993054,53337,1 DAY (1 THEME PARK) AGES(10+) EXPIRES,DELTA,660319493,2/27/19,4/1/19,G,3.2,3323099685,388198326,N,N,N,KY,40165,USA,N,N,N,N,529,LOUISVILLE,East South Central,South,ADULTS,N,N,N,N,?,N,N,?,N,N,N,N,N,N,N,0,?,N,0,?,N,0,?,N,0,?,0,?,N,N,0,?,N,0,?,N,?,N,?,N,?,N,?,N,?,N,?,N,?,N,?,N,?,N,?,N,?,N,?,N,?,N,?,N,?,N,?,N,?,N,?,N,?,N,?,N,?,N,?,N,?,N,?,N,?,N,?,N,?,N,?,N,?,N,?,N,?,N,?,N,?,N,?,N,?,N,?,N,?,N,?,N,?,Y,1/3/19,N,?,N,?,N,?,N,?,N,?,N,?,1/3/19,N,N,N,N,N,N,N,N,N,N,N,N,N,N,N,N,?,0,?,?,0,?,?,?,?,?,0,?,?,?,?,?,?,0,?,?,?,?,?,0,?,?,?,?,?,?,?,N,0,?,N,?,?,?,?,N,0,?,N,?,?,?,?,N,0,?,N,?,?,?,?,N,0,?,N,?,?,?,?,N,0,?,N,N,?,?,?,?,N,0,?,?,?,N,?,N,?,N,?,N,?,N,N,N,N,N,N
{CD81F6E7-F1F3-4426-B72E-010C426CC6A9},825235053,CAFEF00D650200000000000349774704,150940767,7.60122E+15,505809446,518719151,505354240,518258191,54636,4 DAY (1 THEME PARK PER DAY) AGES(10+) EXPIRES,DELTA,2/21/19,2/27/19,2/19/19,2/25/19,660037138,53644,4 DAY (1 THEME PARK PER DAY) AGES(10+) EXPIRES,DELTA,659708476,2/18/19,2/22/19,G,16.19,2918941738,825235053,N,N,N,WI,53045,USA,N,N,N,N,617,MILWAUKEE,East North Central,Midwest,CORE,N,N,N,N,?,N,N,?,N,N,N,N,N,N,N,0,?,N,0,?,N,0,?,Y,1,10/25/14,0,?,N,N,0,?,Y,2,2/25/19,N,?,N,?,N,?,Y,6/27/14,N,?,Y,12/16/18,N,?,N,?,N,?,N,?,N,?,N,?,N,?,N,?,N,?,N,?,N,?,N,?,N,?,N,?,N,?,N,?,Y,12/14/18,N,?,N,?,N,?,N,?,N,?,N,?,N,?,N,?,N,?,N,?,N,?,N,?,N,?,N,?,N,?,Y,2/23/19,Y,1/8/14,N,?,N,?,N,?,N,?,N,?,Y,2/11/19,2/25/19,Y,Y,Y,Y,Y,Y,Y,N,N,N,N,N,N,N,N,N,?,0,?,?,0,?,?,?,?,?,0,?,7,Deluxe Oceanview Stateroom with Verandah,SILVER,?,?,0,?,?,?,6,Moderate,1,2,7,Moderate,?,?,?,?,N,0,?,N,?,?,?,?,N,0,?,N,?,?,?,?,Y,119,less_one_year,N,?,?,?,?,Y,1703,4+_years,N,?,?,?,?,N,0,?,N,N,?,?,?,?,N,0,?,?,?,N,?,N,?,N,?,N,?,N,N,N,N,N,N
{75DFCEFC-4DA5-4AB1-A753-CF4BF53C7986},3345326739,CAFEF00D650200000000000359605898,151658413,9.30703E+15,508718616,521659293,503104942,515984368,59228,1 DAY (1 THEME PARK) AGES(10+) EXPIRES,DELTA,3/20/19,3/20/19,3/27/19,3/20/19,662047880,53337,1 DAY (1 THEME PARK) AGES(10+) EXPIRES,DELTA,658037527,1/27/19,3/20/19,G,3.2,3345326738,3345326739,N,N,N,VA,22304,USA,N,N,N,N,511,"WASHINGTON, DC (HAGRSTWN)",South Atlantic,South,YOUNG ADULTS,N,N,N,N,?,N,N,?,N,N,N,N,N,N,N,0,?,N,0,?,N,0,?,N,0,?,0,?,N,N,0,?,N,0,?,N,?,N,?,N,?,N,?,N,?,N,?,N,?,N,?,N,?,N,?,N,?,N,?,N,?,N,?,N,?,N,?,N,?,N,?,N,?,N,?,N,?,N,?,N,?,N,?,N,?,N,?,N,?,N,?,N,?,N,?,N,?,N,?,N,?,N,?,N,?,N,?,N,?,N,?,N,?,Y,1/25/19,N,?,N,?,N,?,N,?,N,?,N,?,1/25/19,N,N,N,N,N,N,N,N,N,N,N,N,N,N,N,N,?,0,?,?,0,?,?,?,?,?,0,?,?,?,?,?,?,0,?,?,?,?,?,0,?,?,?,?,?,?,?,N,0,?,N,?,?,?,?,N,0,?,N,?,?,?,?,N,0,?,N,?,?,?,?,N,0,?,N,?,?,?,?,N,0,?,N,N,?,?,?,?,N,0,?,?,?,N,?,N,?,N,?,N,?,N,N,N,N,N,N
{03672111-D813-4086-8830-C568D7904F3E},2184314667,CAFEF00D650200000000000364354108,150752842,9.30731E+15,504995243,517895865,504787717,517685798,53520,1 DAY PARK HPR FL EXCH AGES(10+) EXPIRES,DELTA,2/20/19,2/20/19,2/18/19,2/15/19,659497958,53520,1 DAY PARK HPR FL EXCH AGES(10+) EXPIRES,DELTA,659318711,2/13/19,2/15/19,G,0,3362439107,2184314667,N,N,N,FL,33067,USA,N,N,Y,N,528,MIAMI-FT. LAUDERDALE,South Atlantic,Florida,SENIORS,N,N,N,N,?,N,N,?,N,N,N,N,N,N,N,0,?,N,0,?,N,0,?,N,0,?,0,?,N,N,0,?,N,0,?,N,?,N,?,N,?,N,?,N,?,N,?,N,?,N,?,N,?,N,?,N,?,N,?,N,?,N,?,N,?,N,?,N,?,N,?,N,?,N,?,N,?,N,?,N,?,N,?,N,?,N,?,N,?,N,?,N,?,N,?,N,?,N,?,N,?,N,?,N,?,N,?,N,?,N,?,N,?,Y,2/13/19,N,?,N,?,N,?,N,?,N,?,N,?,2/13/19,Y,Y,Y,Y,Y,Y,Y,Y,Y,Y,Y,Y,Y,Y,Y,N,?,0,?,?,0,?,?,?,?,?,0,?,?,?,?,?,?,0,?,?,?,?,?,0,?,?,?,?,?,?,?,N,0,?,N,?,?,?,?,N,0,?,N,?,?,?,?,N,0,?,N,?,?,?,?,N,0,?,N,?,?,?,?,N,0,?,N,N,?,?,?,?,N,0,?,?,?,N,?,N,?,N,?,N,?,N,N,N,N,N,N
{7D5C2014-8F25-401F-A6B5-9844E4428145},2679250875,CAFEF00D650200000000000032697825,148674053,9.30862E+15,495508229,508304551,494900180,507690465,53367,4 DAY (1 THEME PARK PER DAY) AGES(10+) EXPIRES,DELTA,1/18/19,1/24/19,1/19/19,11/21/18,652897830,53367,4 DAY (1 THEME PARK PER DAY) AGES(10+) EXPIRES,DELTA,652522873,11/16/18,11/21/18,G,2.54,2679250874,2679250875,N,N,N,CA,33122,CRI,I,N,N,N,528,MIAMI-FT. LAUDERDALE,South Atlantic,Florida,ADULTS,N,N,N,N,?,N,N,?,N,N,N,N,N,N,N,0,?,N,0,?,N,0,?,N,0,?,0,?,N,N,0,?,N,0,?,N,?,N,?,N,?,N,?,N,?,N,?,N,?,N,?,N,?,N,?,N,?,N,?,N,?,N,?,N,?,N,?,N,?,N,?,N,?,N,?,N,?,N,?,Y,10/16/17,N,?,N,?,N,?,N,?,N,?,N,?,N,?,N,?,N,?,N,?,N,?,N,?,N,?,Y,1/17/19,N,?,N,?,Y,8/24/16,N,?,N,?,Y,1/18/19,N,?,N,?,N,?,1/18/19,Y,Y,Y,Y,Y,Y,Y,Y,Y,Y,Y,Y,Y,Y,Y,N,?,0,?,?,0,?,?,?,?,?,0,?,?,?,?,?,?,0,?,?,?,?,?,0,?,?,?,?,?,?,?,N,0,?,N,?,?,?,?,N,0,?,N,?,?,?,?,N,0,?,N,?,?,?,?,N,0,?,N,?,?,?,?,N,0,?,N,N,?,?,?,?,N,0,?,?,?,N,?,N,?,N,?,N,?,N,N,N,N,N,N
{8AE82C70-4817-4E25-A82C-704817BE25C2},3257876814,CAFEF00D650200000000000053511990,148154244,9.30763E+15,492748994,505513233,491764670,504517141,53345,2 DAY PARK HOPPER AGES(10+) EXPIRES,DELTA,10/28/18,10/31/18,10/29/18,10/29/18,650971352,53337,1 DAY (1 THEME PARK) AGES(10+) EXPIRES,DELTA,650405411,10/19/18,10/28/18,G,175.13,2322215659,3257876814,N,N,N,DF,5130,MEX,I,N,N,N,?,?,?,?,SENIORS,N,N,N,N,?,N,N,?,N,N,N,N,N,N,N,0,?,N,0,?,N,0,?,N,0,?,0,?,N,N,0,?,N,0,?,N,?,N,?,N,?,N,?,N,?,N,?,N,?,N,?,N,?,N,?,N,?,N,?,N,?,N,?,N,?,N,?,N,?,N,?,N,?,N,?,N,?,N,?,N,?,N,?,N,?,N,?,N,?,N,?,N,?,N,?,N,?,N,?,N,?,N,?,N,?,N,?,N,?,N,?,N,?,Y,7/17/15,N,?,N,?,N,?,N,?,N,?,N,?,7/17/15,Y,Y,Y,Y,Y,Y,Y,N,N,N,N,N,N,N,N,N,?,0,?,?,0,?,?,?,?,?,0,?,?,?,?,?,?,0,?,?,?,?,?,0,?,?,?,?,?,?,?,N,0,?,N,?,?,?,?,N,0,?,N,?,?,?,?,N,0,?,N,?,?,?,?,N,0,?,N,?,?,?,?,N,0,?,N,N,?,?,?,?,N,0,?,?,?,N,?,N,?,N,?,N,?,N,N,N,N,N,N
{53139098-7630-474F-BAEA-9B9B8A46ABAA},3170751428,CAFEF00D650200000000000058235431,149873405,9.30301E+15,501289973,514149731,500858412,513713369,54103,1 DAY (1 THEME PARK) AGES(10+) EXPIRES,DELTA,1/10/19,1/10/19,1/12/19,1/10/19,656929055,54163,1 DAY (1 THEME PARK) EXCH AGES(10+) EXPIRES,DELTA,656489753,1/6/19,1/10/19,G,0,3170751427,3170751428,N,N,N,SP,05412-002,BRA,I,N,N,N,?,?,?,?,YOUNG ADULTS,N,N,N,N,?,N,N,?,N,N,N,N,N,N,N,0,?,N,0,?,N,0,?,N,0,?,0,?,N,N,0,?,N,0,?,N,?,N,?,N,?,N,?,N,?,N,?,N,?,N,?,N,?,N,?,N,?,N,?,N,?,N,?,N,?,N,?,N,?,N,?,N,?,N,?,N,?,N,?,N,?,N,?,N,?,N,?,N,?,N,?,N,?,N,?,N,?,N,?,N,?,N,?,N,?,N,?,N,?,N,?,N,?,Y,7/19/18,N,?,N,?,N,?,N,?,N,?,N,?,7/19/18,Y,Y,Y,Y,Y,Y,Y,N,N,N,N,N,N,N,N,N,?,0,?,?,0,?,?,?,?,?,0,?,?,?,?,?,?,0,?,?,?,?,?,0,?,?,?,?,?,?,?,N,0,?,N,?,?,?,?,N,0,?,N,?,?,?,?,N,0,?,N,?,?,?,?,N,0,?,N,?,?,?,?,N,0,?,N,N,?,?,?,?,N,0,?,?,?,N,?,N,?,N,?,N,?,N,N,N,N,N,N
{1B20EC50-CD22-4784-A0EC-50CD22C784C4},2073888874,CAFEF00D650200000000000005541346,150833518,9.30062E+15,505363538,518267489,505271835,518174835,53379,6 DAY (1 THEME PARK PER DAY) AGES(10+) EXPIRES,DELTA,3/17/19,3/25/19,2/17/19,2/18/19,659724907,53379,6 DAY (1 THEME PARK PER DAY) AGES(10+) EXPIRES,DELTA,659606666,2/17/19,2/18/19,G,0,2073888873,2073888874,N,N,N,IA,52317,USA,N,N,N,N,637,CEDAR RAPIDS-WTRLO-IWC&DUB,West North Central,Midwest,TWEEN,N,N,N,N,?,N,N,?,N,N,N,N,N,N,N,0,?,N,0,?,N,0,?,N,0,?,0,?,N,N,0,?,Y,2,3/24/19,N,?,N,?,N,?,N,?,N,?,Y,8/17/18,N,?,N,?,N,?,N,?,N,?,N,?,N,?,N,?,N,?,Y,8/17/18,N,?,N,?,N,?,N,?,N,?,N,?,N,?,N,?,N,?,N,?,N,?,N,?,N,?,N,?,N,?,N,?,N,?,N,?,N,?,N,?,N,?,N,?,N,?,Y,7/8/14,N,?,N,?,N,?,N,?,N,?,Y,9/18/18,3/24/19,N,N,N,N,N,N,N,N,N,N,N,N,N,N,N,N,?,0,?,?,0,?,?,?,?,?,0,?,?,?,?,?,?,0,?,?,?,6,Deluxe Villa,2,3,6,Deluxe Villa,?,?,?,?,N,0,?,N,?,?,?,?,N,0,less_one_year,N,?,?,?,?,Y,92,less_one_year,N,?,?,?,?,N,0,?,N,?,?,?,?,N,0,?,N,N,?,?,?,?,N,0,?,?,?,N,?,N,?,N,?,N,?,N,N,N,N,N,N
{0ABE5232-20C1-4A6A-AD60-9C4AC364AF3D},3463916433,CAFEF00D650200000000000049705533,153782433,7.10441E+15,517317999,530763175,517317516,530762692,59509,1 DAY (1 THEME PARK) FL AGES(10+) EXPIRES,DELTA,6/8/19,6/8/19,6/15/19,6/7/19,667734586,59509,1 DAY (1 THEME PARK) FL AGES(10+) EXPIRES,DELTA,667733984,6/7/19,6/7/19,G,0,2001971803,3463916433,N,N,N,FL,33178,USA,N,N,Y,N,528,MIAMI-FT. LAUDERDALE,South Atlantic,Florida,Unknown,N,N,N,N,?,N,N,?,N,N,N,N,N,N,N,0,?,N,0,?,N,0,?,N,0,?,0,?,N,N,0,?,N,0,?,N,?,N,?,N,?,N,?,N,?,N,?,N,?,N,?,N,?,N,?,N,?,N,?,N,?,N,?,N,?,N,?,N,?,N,?,N,?,N,?,N,?,N,?,N,?,N,?,N,?,N,?,N,?,N,?,N,?,N,?,N,?,N,?,N,?,N,?,N,?,N,?,Y,5/23/16,N,?,N,?,Y,10/13/11,N,?,N,?,N,?,N,?,N,?,Y,3/9/17,3/9/17,Y,Y,Y,Y,Y,Y,Y,Y,Y,Y,Y,Y,Y,Y,Y,N,?,0,?,?,0,?,?,?,?,?,0,?,?,?,?,?,?,0,?,?,?,?,?,0,?,?,?,?,?,?,?,N,0,?,N,?,?,?,?,N,0,?,N,?,?,?,?,N,0,?,N,?,?,?,?,N,0,?,N,?,?,?,?,N,0,?,N,N,?,?,?,?,N,0,?,?,?,N,?,N,?,N,?,N,?,N,N,N,N,N,N
{E41723C2-0305-4821-BB74-CAABE9409D93},2151177287,CAFEF00D650200000000000112731910,150727749,7.60091E+15,504882843,517782231,502906409,515783702,53381,6 DAY PARK HOPPER AGES(10+) EXPIRES,DELTA,5/25/19,5/25/19,5/26/19,2/14/19,659374942,53351,3 DAY PARK HOPPER AGES(10+) EXPIRES,DELTA,657925198,1/25/19,2/14/19,G,135.45,372441272,2151177287,N,N,N,GA,30016,USA,N,N,N,N,524,ATLANTA,South Atlantic,South,TWEEN,N,Y,N,N,?,Y,N,?,N,N,N,N,N,N,N,0,?,N,0,?,N,0,?,N,0,?,0,?,N,N,0,?,Y,16,6/2/19,N,?,N,?,N,?,N,?,N,?,Y,5/27/19,N,?,N,?,N,?,N,?,N,?,N,?,N,?,N,?,N,?,N,?,N,?,N,?,Y,7/5/18,N,?,N,?,N,?,Y,6/1/19,N,?,N,?,N,?,N,?,N,?,N,?,N,?,N,?,Y,8/11/14,Y,8/11/14,N,?,N,?,N,?,Y,1/21/13,N,?,N,?,Y,1/22/13,N,?,N,?,N,?,N,?,N,?,Y,11/17/18,6/2/19,N,N,N,N,N,N,N,N,N,N,N,N,N,N,N,N,?,0,?,?,0,?,?,?,?,?,0,?,?,?,?,?,?,0,?,?,?,6,Moderate,6,11,6,Moderate,?,?,?,?,N,0,?,N,?,?,?,?,N,0,?,N,Advocate,?,?,?,N,22,less_one_year,Y,?,?,?,?,N,0,?,N,?,?,?,?,N,0,?,N,N,?,?,?,?,N,0,?,?,Active,N,?,N,?,N,?,Y,23,N,N,N,N,N,N
{26E5AEED-94E8-49AE-9A9A-6BA8A27D12C2},3378769182,CAFEF00D650200000000000368662378,151173152,9.3074E+15,506781151,519700778,506787789,519707416,53337,1 DAY (1 THEME PARK) AGES(10+) EXPIRES,DELTA,3/12/19,3/12/19,3/11/19,3/3/19,660610765,53337,1 DAY (1 THEME PARK) AGES(10+) EXPIRES,DELTA,660623212,3/3/19,3/3/19,G,0,3378769181,3378769182,N,N,N,VA,22150,USA,N,N,N,N,511,"WASHINGTON, DC (HAGRSTWN)",South Atlantic,South,TEEN,N,N,N,N,?,N,N,?,N,N,N,N,N,N,N,0,?,N,0,?,N,0,?,N,0,?,0,?,N,N,0,?,N,0,?,N,?,N,?,N,?,N,?,N,?,N,?,N,?,N,?,N,?,N,?,N,?,N,?,N,?,N,?,N,?,N,?,N,?,N,?,N,?,N,?,N,?,N,?,N,?,N,?,N,?,N,?,N,?,N,?,N,?,N,?,N,?,N,?,N,?,N,?,N,?,N,?,N,?,N,?,N,?,Y,3/3/19,N,?,N,?,N,?,N,?,N,?,N,?,3/3/19,N,N,N,N,N,N,N,Y,Y,Y,Y,Y,Y,Y,Y,N,?,0,?,?,0,?,?,?,?,?,0,?,?,?,?,?,?,0,?,?,?,?,?,0,?,?,?,?,?,?,?,N,0,?,N,?,?,?,?,N,0,?,N,?,?,?,?,N,0,?,N,?,?,?,?,N,0,?,N,?,?,?,?,N,0,?,N,N,?,?,?,?,N,0,?,?,?,N,?,N,?,N,?,N,?,N,N,N,N,N,N
{8578F4B2-8187-4AED-A372-3791ECC6F9F3},919418444,CAFEF00D650200000000000382285475,153260249,9.30672E+15,514848584,528269299,511683650,524656767,59235,2 DAY (1 THEME PARK PER DAY) AGES(10+) EXPIRES,DELTA,5/16/19,5/19/19,5/17/19,5/15/19,666374304,59235,2 DAY (1 THEME PARK PER DAY) AGES(10+) EXPIRES,DELTA,664324418,4/15/19,5/15/19,G,0,3436020863,919418444,N,N,N,NY,10956,USA,N,N,N,N,501,NEW YORK,Mid-Atlantic,Northeast,SENIORS,Y,N,N,N,?,N,N,?,N,N,N,N,N,N,N,0,?,N,0,?,N,0,?,Y,1,4/24/05,0,?,N,N,0,?,Y,2,5/22/19,N,?,N,?,N,?,Y,9/22/04,N,?,Y,2/12/19,N,?,N,?,N,?,N,?,N,?,N,?,N,?,N,?,N,?,N,?,N,?,N,?,N,?,N,?,N,?,N,?,N,?,N,?,N,?,N,?,N,?,N,?,N,?,N,?,N,?,N,?,N,?,N,?,N,?,N,?,N,?,N,?,N,?,Y,8/15/18,N,?,N,?,N,?,N,?,N,?,Y,1/18/19,5/22/19,N,N,N,N,N,N,N,N,N,N,N,N,N,N,N,N,?,0,?,?,0,?,?,?,?,?,0,?,3,Standard Inside Stateroom,SILVER,?,?,0,?,?,?,7,Deluxe Villa,1,5,7,Deluxe Villa,?,?,?,?,N,0,?,N,?,?,?,?,N,0,?,N,Advocate,?,?,?,N,33,less_one_year,Y,?,?,?,?,Y,5174,4+_years,N,?,?,?,?,N,0,?,N,N,?,?,?,?,N,0,?,?,?,N,?,N,?,N,?,N,?,N,N,N,N,N,N
{BAF0B3EA-1B42-4174-9598-9E029F091BE5},131647660,CAFEF00D650200000000000375101228,152217666,9.30723E+15,510817323,523781164,509950461,522904439,59228,1 DAY (1 THEME PARK) AGES(10+) EXPIRES,DELTA,4/30/19,4/30/19,4/29/19,4/7/19,663698087,59228,1 DAY (1 THEME PARK) AGES(10+) EXPIRES,DELTA,662815376,3/30/19,4/7/19,G,0,3404669670,131647660,N,N,N,NC,27540,USA,N,N,N,N,560,RALEIGH-DURHAM (FAYETVLLE),South Atlantic,South,TWEEN,Y,N,N,N,?,Y,N,?,N,N,N,N,N,N,N,0,?,N,0,?,N,0,?,Y,1,6/27/16,0,?,N,N,0,?,Y,17,5/21/19,N,?,N,?,N,?,Y,1/21/16,N,?,Y,5/13/19,N,?,N,?,N,?,N,?,N,?,N,?,Y,12/15/19,N,?,N,?,N,?,N,?,N,?,Y,3/9/19,N,?,N,?,N,?,N,?,Y,12/28/11,Y,12/28/11,N,?,N,?,Y,12/28/11,N,?,N,?,Y,12/28/11,N,?,N,?,N,?,N,?,N,?,Y,9/26/13,N,?,Y,6/23/16,Y,3/30/19,N,?,N,?,N,?,N,?,N,?,Y,12/26/18,5/21/19,Y,Y,Y,Y,Y,Y,Y,Y,N,N,N,N,N,N,Y,N,?,0,?,?,0,?,?,?,?,?,0,?,3,Deluxe Oceanview Stateroom with Verandah,SILVER,?,?,0,?,?,?,6,Deluxe Villa,6,12,9,Deluxe Villa,?,?,?,?,N,0,?,N,?,?,?,?,N,0,?,N,Advocate,174,3_TO_6_MONTHS,12,N,34,less_one_year,Y,?,?,?,?,Y,1092,2_years,N,?,?,?,?,N,0,?,N,N,?,?,?,?,N,0,?,?,Active,N,?,N,?,N,?,N,?,N,N,N,N,N,N
{57E39509-441F-47B4-BE01-B1486E1A4B70},2080953230,CAFEF00D650200000000000075107942,152150544,7.40153E+15,510588824,523549685,510588823,523549684,61459,7 DAY PARK HOPPER PLUS AGES(10+) EXPIRES,DELTA,6/2/19,6/12/19,4/5/19,4/5/19,663465643,61995,7 DAY PARK HOPPER PLUS AGES(10+) EXPIRES,DELTA,663465642,4/5/19,4/5/19,G,0,2190231653,2080953230,N,N,N,OH,45230,USA,N,N,N,N,515,CINCINNATI,East North Central,Midwest,ADULTS,N,N,N,N,?,N,N,?,N,N,N,N,N,N,N,0,?,N,0,?,Y,2,6/9/15,Y,1,5/5/05,0,?,N,N,0,?,Y,3,6/8/19,N,?,N,?,Y,11/30/14,Y,8/14/09,N,?,Y,2/12/19,N,?,N,?,N,?,N,?,N,?,N,?,N,?,N,?,N,?,N,?,Y,2/24/10,N,?,Y,10/12/13,N,?,N,?,N,?,N,?,N,?,N,?,N,?,N,?,N,?,N,?,N,?,N,?,N,?,N,?,N,?,N,?,N,?,N,?,N,?,N,?,Y,1/1/10,N,?,N,?,N,?,N,?,N,?,Y,1/24/19,6/8/19,N,N,N,N,N,N,N,N,N,N,N,N,N,N,N,N,?,0,?,?,0,?,?,?,?,?,0,?,4,Deluxe Oceanview Stateroom with Verandah,SILVER,?,?,0,?,?,?,6,Deluxe Villa,1,6,6,Deluxe Villa,?,?,?,?,N,0,?,N,?,?,?,?,Y,1476,4+_years,N,Advocate,?,?,?,N,16,less_one_year,Y,?,?,?,?,Y,5163,4+_years,N,?,?,?,?,N,0,?,N,N,?,?,?,?,N,0,?,?,?,N,?,N,?,N,?,N,?,Y,N,N,N,N,N
{0744CE8B-ECE2-44B3-BD64-E3AE0EED80B0},3350838378,CAFEF00D650200000000000361363849,150511108,9.31011E+15,503948485,516837171,501216558,514075037,53343,2 DAY (1 THEME PARK PER DAY) AGES(10+) EXPIRES,DELTA,2/1/19,2/4/19,1/31/19,2/5/19,658659201,53944,2 DAY (1 THEME PARK PER DAY) AGES(10+) EXPIRES,DELTA,656825180,1/9/19,2/5/19,G,0,3350838377,3350838378,N,N,N,MS,79046-004,BRA,I,N,N,N,?,?,?,?,YOUNG ADULTS,N,N,N,N,?,N,N,?,N,N,N,N,N,N,N,0,?,N,0,?,N,0,?,N,0,?,0,?,N,N,0,?,N,0,?,N,?,N,?,N,?,N,?,N,?,N,?,N,?,N,?,N,?,N,?,N,?,N,?,N,?,N,?,N,?,N,?,N,?,N,?,N,?,N,?,N,?,N,?,N,?,N,?,N,?,N,?,N,?,N,?,N,?,N,?,N,?,N,?,N,?,N,?,N,?,N,?,N,?,N,?,N,?,Y,2/1/19,N,?,N,?,N,?,N,?,N,?,N,?,2/1/19,Y,Y,Y,Y,Y,Y,Y,Y,Y,Y,Y,Y,Y,Y,Y,N,?,0,?,?,0,?,?,?,?,?,0,?,?,?,?,?,?,0,?,?,?,?,?,0,?,?,?,?,?,?,?,N,0,?,N,?,?,?,?,N,0,?,N,?,?,?,?,N,0,?,N,?,?,?,?,N,0,?,N,?,?,?,?,N,0,?,N,N,?,?,?,?,N,0,?,?,?,N,?,N,?,N,?,N,?,N,N,N,N,N,N
{93945D8F-D563-4B80-945D-8FD563DB8018},407928576,CAFEF00D650200000000000045326540,148578369,9.30011E+15,495119092,507911745,493828849,506606454,54582,3 DAY (1 THEME PARK PER DAY) AGES(10+) EXPIRES,DELTA,11/18/18,11/22/18,11/20/18,11/24/18,652697523,53349,3 DAY (1 THEME PARK PER DAY) AGES(10+) EXPIRES,DELTA,651654996,11/7/18,11/18/18,G,21.3,1907976845,407928576,N,N,N,TX,75016,USA,N,N,N,N,623,DALLAS-FT. WORTH,West South Central,South,SENIORS,N,N,N,N,?,N,N,?,N,N,N,N,N,N,N,0,?,N,0,?,N,0,?,N,0,?,0,?,N,N,0,?,N,0,?,N,?,N,?,N,?,N,?,N,?,N,?,N,?,N,?,N,?,N,?,N,?,N,?,N,?,N,?,N,?,N,?,N,?,N,?,N,?,N,?,N,?,N,?,N,?,N,?,N,?,N,?,N,?,N,?,N,?,N,?,N,?,N,?,N,?,N,?,N,?,N,?,Y,11/20/17,N,?,N,?,Y,10/13/12,N,?,N,?,Y,11/20/18,N,?,N,?,Y,11/5/18,11/20/18,Y,Y,Y,Y,Y,Y,Y,N,N,N,N,N,N,N,N,N,?,0,?,?,0,?,?,?,?,?,0,?,?,?,?,?,?,0,?,?,?,?,?,0,?,?,?,?,?,?,?,N,0,?,N,?,?,?,?,N,0,?,N,?,?,?,?,N,0,?,N,?,?,?,?,N,0,?,N,?,?,?,?,N,0,?,N,N,?,?,?,?,N,0,?,?,?,N,?,N,?,N,?,N,?,Y,N,N,N,N,N
{B624688E-D473-48B7-ACD7-9D88E6EC139B},438556213,CAFEF00D650200000000000219652283,149198635,7.60133E+15,498067973,510894755,497844380,510668329,53387,7 DAY PARK HOPPER AGES(10+) EXPIRES,DELTA,12/18/18,12/27/18,12/18/19,12/15/18,654533837,53387,7 DAY PARK HOPPER AGES(10+) EXPIRES,DELTA,654418800,12/13/18,12/15/18,G,0,1516153453,438556213,N,N,N,IN,46278,USA,N,N,N,N,527,INDIANAPOLIS,East North Central,Midwest,YOUNG ADULTS,N,N,Y,N,?,N,N,?,N,N,N,N,N,N,N,0,?,N,0,?,N,0,?,Y,2,6/29/15,0,?,N,N,0,?,Y,3,12/25/14,N,?,N,?,N,?,Y,12/16/17,N,?,Y,8/21/14,N,?,N,?,N,?,N,?,N,?,N,?,N,?,N,?,N,?,N,?,Y,9/11/13,N,?,N,?,N,?,N,?,N,?,N,?,N,?,N,?,N,?,N,?,N,?,N,?,N,?,N,?,N,?,N,?,N,?,N,?,Y,5/23/14,Y,4/1/12,N,?,N,?,Y,12/17/09,N,?,N,?,N,?,N,?,N,?,Y,10/26/18,10/26/18,N,N,N,N,N,N,N,Y,Y,Y,Y,Y,Y,Y,Y,N,?,0,?,?,0,?,?,?,?,?,0,?,9,Deluxe Family Oceanview Stateroom with Verandah,SILVER,?,?,0,?,?,?,?,?,0,?,7,Deluxe,?,?,?,?,N,0,?,N,?,?,?,?,N,0,?,N,?,?,?,?,Y,1642,4+_years,N,?,?,?,?,Y,1456,3_years,N,?,?,?,?,N,0,?,N,N,?,?,?,?,N,0,?,Active,?,N,?,N,?,N,?,N,?,Y,N,N,N,N,N
{B4849F18-1B7D-43ED-B11D-3F4E2158C6E6},2810183554,CAFEF00D650200000000000037432549,152924970,9.30083E+15,513359445,526563486,512597474,525621564,59242,3 DAY (1 THEME PARK PER DAY) AGES(10+) EXPIRES,DELTA,6/29/19,7/3/19,6/30/19,4/30/19,665389655,59242,3 DAY (1 THEME PARK PER DAY) AGES(10+) EXPIRES,DELTA,664925292,4/23/19,4/30/19,G,0,2810183553,2810183554,N,N,N,MS,39571,USA,N,N,N,N,746,BILOXI-GULFPORT,East South Central,South,YOUNG ADULTS,N,N,N,N,?,N,N,?,N,N,N,N,N,N,N,0,?,N,0,?,N,0,?,N,0,?,0,?,N,N,0,?,Y,1,6/3/17,N,?,N,?,N,?,N,?,N,?,Y,3/24/19,N,?,N,?,N,?,N,?,N,?,N,?,Y,6/29/19,N,?,N,?,N,?,N,?,N,?,N,?,N,?,N,?,N,?,N,?,N,?,N,?,N,?,N,?,N,?,N,?,N,?,N,?,N,?,N,?,N,?,N,?,N,?,N,?,N,?,N,?,Y,4/20/17,N,?,N,?,Y,6/2/17,N,?,N,?,Y,4/23/17,3/24/19,N,N,N,N,N,N,N,N,N,N,N,N,N,N,N,N,?,0,?,?,0,?,?,?,?,?,0,?,?,?,?,?,?,0,?,?,?,?,?,0,?,6,Value,?,?,?,?,N,0,?,N,?,?,?,?,N,0,?,N,Maximize,5,UNDER_1_WEEK,6,Y,751,2_years,N,?,?,?,?,N,0,?,N,?,?,?,?,N,0,?,N,N,?,?,?,?,N,0,?,?,?,N,?,N,?,N,?,N,?,Y,N,N,N,N,N
{D12C8446-77AD-400D-8669-32055FFF70D0},1768803796,CAFEF00D650200000000000254663243,149604344,9.30953E+15,499904932,512751837,499462547,512305091,53373,5 DAY (1 THEME PARK PER DAY) AGES(10+) EXPIRES,DELTA,3/3/19,3/10/19,3/4/19,12/30/18,655711065,53373,5 DAY (1 THEME PARK PER DAY) AGES(10+) EXPIRES,DELTA,655422211,12/27/18,12/30/18,G,0,3208526255,1768803796,N,N,N,LA,70447,USA,N,N,N,N,622,NEW ORLEANS,West South Central,South,ADULTS,N,N,N,N,?,N,N,?,N,N,N,N,N,N,N,0,?,N,0,?,N,0,?,N,0,?,0,?,N,N,0,?,Y,3,3/9/19,N,?,N,?,N,?,N,?,N,?,Y,8/2/18,N,?,N,?,N,?,N,?,N,?,N,?,N,?,N,?,N,?,N,?,N,?,N,?,N,?,N,?,N,?,N,?,N,?,N,?,N,?,N,?,N,?,N,?,N,?,N,?,N,?,N,?,N,?,N,?,N,?,N,?,Y,5/30/13,N,?,N,?,Y,9/4/18,N,?,N,?,N,?,N,?,N,?,Y,2/1/19,3/9/19,N,N,N,N,N,N,N,N,N,N,N,N,N,N,N,N,?,0,?,?,0,?,?,?,?,?,0,?,?,?,?,?,?,0,?,?,?,5,Deluxe Villa,2,3,5,Deluxe Villa,?,?,?,?,N,0,?,N,?,?,?,?,N,0,?,N,?,?,?,?,Y,107,less_one_year,N,?,?,?,?,N,0,?,N,?,?,?,?,N,0,?,N,N,?,?,?,?,N,0,?,?,?,N,?,N,?,N,?,N,?,N,N,N,N,N,N
{7E5D11EB-2A73-4FE6-83FC-F8627F824968},3262858657,CAFEF00D650200000000000310479326,148144749,9.30653E+15,492659338,505422384,492652955,505416001,53337,1 DAY (1 THEME PARK) AGES(10+) EXPIRES,DELTA,10/30/18,10/30/18,10/31/18,10/27/18,650901061,53337,1 DAY (1 THEME PARK) AGES(10+) EXPIRES,DELTA,650891940,10/27/18,10/27/18,G,0,3262858656,3262858657,N,N,N,MA,2726,USA,N,N,N,N,521,PROVIDENCE-NEW BEDFORD,New England,Northeast,YOUNG ADULTS,N,N,N,N,?,N,N,?,N,N,N,N,N,N,N,0,?,N,0,?,N,0,?,N,0,?,0,?,N,N,0,?,N,0,?,N,?,N,?,N,?,N,?,N,?,N,?,N,?,N,?,N,?,N,?,N,?,N,?,N,?,N,?,N,?,N,?,N,?,N,?,N,?,N,?,N,?,N,?,N,?,N,?,N,?,N,?,N,?,N,?,N,?,N,?,N,?,N,?,N,?,N,?,N,?,N,?,Y,11/1/18,N,?,N,?,Y,10/27/18,N,?,N,?,N,?,N,?,N,?,Y,10/28/18,11/1/18,N,N,N,N,N,N,N,N,N,N,N,N,N,N,N,N,?,0,?,?,0,?,?,?,?,?,0,?,?,?,?,?,?,0,?,?,?,?,?,0,?,?,?,?,?,?,?,N,0,?,N,?,?,?,?,N,0,?,N,?,?,?,?,N,0,?,N,?,?,?,?,N,0,?,N,?,?,?,?,N,0,?,N,N,?,?,?,?,N,0,?,?,?,N,?,N,?,N,?,N,?,N,N,N,N,N,N
{D3F552DE-4A3B-400C-A5C4-751B3D31117C},3312290397,CAFEF00D650200000000000350990372,149437634,9.30652E+15,499169124,512009750,498809830,511646667,53367,4 DAY (1 THEME PARK PER DAY) AGES(10+) EXPIRES,DELTA,11/25/19,12/1/19,12/25/18,12/25/18,655297702,53367,4 DAY (1 THEME PARK PER DAY) AGES(10+) EXPIRES,DELTA,655035620,12/22/18,12/25/18,G,0,3313414073,3312290397,N,N,N,TX,75033,USA,N,N,N,N,623,DALLAS-FT. WORTH,West South Central,South,ADULTS,N,N,N,N,?,N,N,?,N,N,N,N,N,N,N,0,?,N,0,?,N,0,?,N,0,?,0,?,N,N,0,?,N,0,?,N,?,N,?,N,?,N,?,N,?,N,?,N,?,N,?,N,?,N,?,N,?,N,?,N,?,N,?,N,?,N,?,N,?,N,?,N,?,N,?,N,?,N,?,N,?,N,?,N,?,N,?,N,?,N,?,N,?,N,?,N,?,N,?,N,?,N,?,N,?,N,?,N,?,N,?,N,?,Y,12/20/18,N,?,N,?,N,?,N,?,N,?,N,?,12/20/18,N,N,N,N,N,N,N,N,N,N,N,N,N,N,N,N,?,0,?,?,0,?,?,?,?,?,0,?,?,?,?,?,?,0,?,?,?,?,?,0,?,?,?,?,?,?,?,N,0,?,N,?,?,?,?,N,0,?,N,?,?,?,?,N,0,?,N,?,?,?,?,N,0,?,N,?,?,?,?,N,0,?,N,N,?,?,?,?,N,0,?,?,?,N,?,N,?,N,?,N,?,Y,N,N,N,N,N
{2CFBB2CD-67A0-45ED-B85F-C744BCE877F4},418122564,CAFEF00D650200000000000368641780,153952445,7.20653E+15,518083150,531537403,517990365,531443505,59228,1 DAY (1 THEME PARK) AGES(10+) EXPIRES,DELTA,6/17/19,6/17/19,6/16/19,6/15/19,668414285,59228,1 DAY (1 THEME PARK) AGES(10+) EXPIRES,DELTA,668221774,6/14/19,6/15/19,G,0,3378704616,418122564,N,N,N,OH,44663,USA,N,N,N,N,510,CLEVELAND-AKRON (CANTON),East North Central,Midwest,ADULTS,N,N,N,N,?,N,N,?,N,N,N,N,N,N,N,0,?,N,0,?,N,0,?,N,0,?,0,?,N,N,0,?,Y,4,6/17/19,N,?,N,?,N,?,N,?,N,?,Y,3/27/19,N,?,N,?,N,?,N,?,N,?,N,?,N,?,N,?,N,?,N,?,N,?,N,?,N,?,N,?,N,?,N,?,N,?,N,?,N,?,N,?,N,?,N,?,N,?,N,?,N,?,Y,12/26/07,Y,12/26/07,N,?,N,?,N,?,N,?,N,?,N,?,Y,3/3/19,N,?,N,?,N,?,N,?,N,?,N,?,6/17/19,N,N,N,N,N,N,N,N,N,N,N,N,N,N,N,N,?,0,?,?,0,?,?,?,?,?,0,?,?,?,?,?,?,0,?,?,?,4,Deluxe,4,6,4,Deluxe,?,?,?,?,N,0,?,N,?,?,?,?,N,0,?,N,Advocate,?,?,?,N,7,less_one_year,Y,?,?,?,?,N,0,?,N,?,?,?,?,N,0,?,N,N,?,?,?,?,N,0,?,?,?,N,?,N,?,N,?,N,?,N,N,N,N,N,N
{23E6C5C4-63F4-46A2-A6C5-C463F436A2E3},1436565638,CAFEF00D650200000000000187868014,148663877,9.30042E+15,495491173,508287495,495499390,508295712,53343,2 DAY (1 THEME PARK PER DAY) AGES(10+) EXPIRES,DELTA,12/24/18,12/27/18,12/25/18,11/21/18,652876475,53343,2 DAY (1 THEME PARK PER DAY) AGES(10+) EXPIRES,DELTA,652886709,11/21/18,11/21/18,G,0,2177854999,1436565638,N,N,N,NY,11360,USA,N,N,N,N,501,NEW YORK,Mid-Atlantic,Northeast,CORE,N,N,N,N,?,N,N,?,N,N,N,N,N,N,N,0,?,N,0,?,N,0,?,N,0,?,0,?,N,N,0,?,Y,1,9/25/11,N,?,N,?,N,?,N,?,N,?,Y,3/11/11,N,?,N,?,N,?,N,?,N,?,N,?,N,?,N,?,N,?,N,?,N,?,N,?,Y,10/25/15,N,?,N,?,N,?,N,?,N,?,N,?,N,?,N,?,N,?,N,?,N,?,N,?,N,?,N,?,N,?,N,?,N,?,Y,12/25/18,N,?,Y,12/24/16,Y,12/7/14,N,?,N,?,Y,12/26/18,N,?,N,?,Y,12/24/18,12/26/18,N,N,N,N,N,N,N,Y,Y,Y,Y,Y,Y,Y,Y,N,?,0,?,?,0,?,?,?,?,?,0,?,?,?,?,?,?,0,?,?,?,?,?,0,?,2,Deluxe,?,?,?,?,N,0,?,N,?,?,?,?,N,0,?,N,?,?,?,?,Y,2829,4+_years,N,?,?,?,?,N,0,?,N,?,?,?,?,N,0,?,N,N,?,?,?,?,N,0,?,?,?,N,?,N,?,N,?,N,?,N,N,N,N,N,N
{BCE5E952-F990-4A5D-B68D-A242C24670F3},1779888898,CAFEF00D650200000000000212415353,150978205,9.3082E+15,505937430,518848779,436302777,448479399,54596,5 DAY PARK HOPPER AGES(10+) EXPIRES,DELTA,2/18/19,2/25/19,8/31/17,2/23/19,660074091,53626,4 DAY PARK HOPPER AGES(10+) EXPIRES,DELTA,615635150,8/31/17,2/23/19,G,35.63,811056117,1779888898,N,N,N,RJ,22631-054,BRA,I,N,N,N,?,?,?,?,ADULTS,N,N,N,N,?,N,N,?,N,N,N,N,N,N,N,0,?,N,0,?,N,0,?,N,0,?,0,?,N,N,0,?,N,0,?,N,?,N,?,N,?,N,?,N,?,N,?,N,?,N,?,N,?,N,?,N,?,N,?,N,?,N,?,N,?,N,?,N,?,N,?,N,?,N,?,N,?,N,?,N,?,N,?,N,?,N,?,N,?,N,?,N,?,N,?,N,?,N,?,N,?,N,?,N,?,N,?,Y,2/19/19,N,?,N,?,Y,5/13/07,N,?,N,?,Y,2/20/19,N,?,N,?,N,?,2/20/19,Y,Y,Y,Y,Y,Y,Y,Y,Y,Y,Y,Y,Y,Y,Y,N,?,0,?,?,0,?,?,?,?,?,0,?,?,?,?,?,?,0,?,?,?,?,?,0,?,?,?,?,?,?,?,N,0,?,N,?,?,?,?,N,0,?,N,?,?,?,?,N,0,?,N,?,?,?,?,N,0,?,N,?,?,?,?,N,0,?,N,N,?,?,?,?,N,0,?,?,?,N,?,N,?,N,?,N,?,N,N,N,N,N,N
{432A44E8-931D-11D4-820D-00A0C9E58E2D},3412497835,CAFEF00D650200000000000376819464,152308770,9.30221E+15,511131508,524098316,510822213,523786054,59228,1 DAY (1 THEME PARK) AGES(10+) EXPIRES,DELTA,4/14/19,4/14/19,4/15/19,4/10/19,663983469,59228,1 DAY (1 THEME PARK) AGES(10+) EXPIRES,DELTA,663610668,4/7/19,4/10/19,G,0,3412497834,3412497835,N,N,N,WI,53211,USA,N,N,N,N,617,MILWAUKEE,East North Central,Midwest,ADULTS,N,N,N,N,?,N,N,?,N,N,N,N,N,N,N,0,?,N,0,?,N,0,?,N,0,?,0,?,N,N,0,?,N,0,?,N,?,N,?,N,?,N,?,N,?,N,?,N,?,N,?,N,?,N,?,N,?,N,?,N,?,N,?,N,?,N,?,N,?,N,?,N,?,N,?,N,?,N,?,N,?,N,?,N,?,N,?,N,?,N,?,N,?,N,?,N,?,N,?,N,?,N,?,N,?,N,?,N,?,N,?,N,?,Y,9/26/00,N,?,N,?,N,?,N,?,N,?,N,?,9/26/00,N,N,N,N,N,N,N,N,N,N,N,N,N,N,N,N,?,0,?,?,0,?,?,?,?,?,0,?,?,?,?,?,?,0,?,?,?,?,?,0,?,?,?,?,?,?,?,N,0,?,N,?,?,?,?,N,0,?,N,?,?,?,?,N,0,?,N,?,?,?,?,N,0,?,N,?,?,?,?,N,0,?,N,N,?,?,?,?,N,0,?,?,?,N,?,N,?,N,?,N,?,N,N,N,N,N,N
{49F58B6C-EFCE-40BC-A88B-1A96591323F1},3440692924,CAFEF00D650200000000000383581070,153398369,9.30801E+15,515684024,529111917,514270368,527536007,53337,1 DAY (1 THEME PARK) AGES(10+) EXPIRES,DELTA,5/24/19,5/24/19,5/22/19,5/22/19,666815507,59228,1 DAY (1 THEME PARK) AGES(10+) EXPIRES,DELTA,666032987,5/9/19,5/22/19,G,12.78,3440692923,3440692924,N,N,N,MI,49067,USA,N,N,N,N,588,SOUTH BEND-ELKHART,East North Central,Midwest,YOUNG ADULTS,N,N,N,N,?,N,N,?,N,N,N,N,N,N,N,0,?,N,0,?,N,0,?,N,0,?,0,?,N,N,0,?,N,0,?,N,?,N,?,N,?,N,?,N,?,N,?,N,?,N,?,N,?,N,?,N,?,N,?,N,?,N,?,N,?,N,?,N,?,N,?,N,?,N,?,N,?,N,?,N,?,N,?,N,?,N,?,N,?,N,?,N,?,N,?,N,?,N,?,N,?,N,?,N,?,N,?,N,?,N,?,N,?,Y,5/9/19,N,?,N,?,N,?,N,?,N,?,N,?,5/9/19,N,N,N,N,N,N,N,N,N,N,N,N,N,N,N,N,?,0,?,?,0,?,?,?,?,?,0,?,?,?,?,?,?,0,?,?,?,?,?,0,?,?,?,?,?,?,?,N,0,?,N,?,?,?,?,N,0,?,N,?,?,?,?,N,0,?,N,?,?,?,?,N,0,?,N,?,?,?,?,N,0,?,N,N,?,?,?,?,N,0,?,?,?,N,?,N,?,N,?,N,?,N,N,N,N,N,N
{E836F05D-BA7D-4C4F-8181-F1C86C7F49B4},1611756539,CAFEF00D650200000000000071235056,149525604,7.60073E+15,499588422,512432545,492951029,505717937,53349,3 DAY (1 THEME PARK PER DAY) AGES(10+) EXPIRES,DELTA,12/28/18,1/1/19,12/29/18,12/28/18,655530084,53349,3 DAY (1 THEME PARK PER DAY) AGES(10+) EXPIRES,DELTA,651101437,10/30/18,12/28/18,G,0,1506437820,1611756539,N,N,N,NY,10308,USA,N,N,N,N,501,NEW YORK,Mid-Atlantic,Northeast,YOUNG ADULTS,N,Y,N,N,?,Y,N,?,N,N,N,N,N,N,N,0,?,N,0,?,N,0,?,Y,5,6/20/13,1,6/7/18,Y,N,0,?,Y,3,11/26/17,N,?,N,?,N,?,Y,12/5/14,Y,7/17/17,Y,12/22/16,N,?,N,?,N,?,N,?,N,?,N,?,N,?,Y,12/9/14,N,?,N,?,N,?,N,?,N,?,N,?,N,?,N,?,N,?,N,?,N,?,N,?,N,?,N,?,N,?,N,?,N,?,N,?,N,?,N,?,N,?,Y,6/16/14,Y,12/28/18,N,?,Y,12/29/15,Y,7/5/14,N,?,N,?,Y,12/13/18,N,?,N,?,Y,2/10/19,2/10/19,N,N,N,N,N,N,N,N,N,N,N,N,N,N,N,N,?,0,?,?,0,?,?,?,?,?,0,?,7,Concierge One Bedroom Suite with Verandah,SILVER,4,Deluxe,1,6,4,Deluxe,4,Deluxe Villa,1,11,7,Deluxe Villa,?,?,?,?,N,0,less_one_year,N,?,?,?,?,N,0,?,N,?,?,?,?,Y,575,1_year,N,?,?,?,?,Y,2195,4+_years,N,?,?,?,?,Y,382,1_year,N,N,?,?,?,?,N,0,?,?,Active,N,?,N,?,N,?,N,?,N,N,N,N,N,N
{673B0BE7-EE73-497F-BE91-BC6887C9C007},3454762700,CAFEF00D650200000000000387133445,153980328,9.31013E+15,518194747,531649872,516245632,529678303,59253,4 DAY (1 THEME PARK PER DAY) AGES(10+) EXPIRES,DELTA,7/24/19,7/30/19,6/17/19,6/16/19,668476123,59253,4 DAY (1 THEME PARK PER DAY) AGES(10+) EXPIRES,DELTA,667102585,5/27/19,6/16/19,G,0,3451573649,3454762700,N,N,N,AI,6000000,CHL,I,N,N,N,?,?,?,?,ADULTS,N,N,N,N,?,N,N,?,N,N,N,N,N,N,N,0,?,N,0,?,N,0,?,N,0,?,0,?,N,N,0,?,N,0,?,N,?,N,?,N,?,N,?,N,?,N,?,N,?,N,?,N,?,N,?,N,?,N,?,N,?,N,?,N,?,N,?,N,?,N,?,N,?,N,?,N,?,N,?,N,?,N,?,N,?,N,?,N,?,N,?,N,?,N,?,N,?,N,?,N,?,N,?,N,?,N,?,N,?,N,?,N,?,Y,5/23/19,N,?,N,?,N,?,N,?,N,?,N,?,5/23/19,Y,Y,Y,Y,Y,Y,Y,Y,Y,Y,Y,Y,Y,Y,Y,N,?,0,?,?,0,?,?,?,?,?,0,?,?,?,?,?,?,0,?,?,?,?,?,0,?,?,?,?,?,?,?,N,0,?,N,?,?,?,?,N,0,?,N,?,?,?,?,N,0,?,N,?,?,?,?,N,0,?,N,?,?,?,?,N,0,?,N,N,?,?,?,?,N,0,?,?,?,N,?,N,?,N,?,N,?,Y,N,N,N,N,N